# Which icon names ParchaOS's own artwork answers to, and where. Generated 2026-10-02 from the shipped theme,
# keeping only entries that resolve to ParchaOS's own drawings (no third-party art). Read by build-theme.py.
# path (inside a theme)<TAB>F<TAB>source svg   (a real file)  or  path<TAB>L<TAB>link target (relative symlink)
actions/16/l2h.svg	L	../../places/22/folder-html.svg
actions/16/viewhtml.svg	L	../../places/22/folder-html.svg
actions/22/kstars_xplanet.svg	L	../../places/22/folder-html.svg
actions/22/l2h.svg	L	../../places/22/folder-html.svg
actions/22/viewhtml.svg	L	../../places/22/folder-html.svg
actions/24/kstars_xplanet.svg	L	../../places/22/folder-html.svg
actions/24/l2h.svg	L	../../places/22/folder-html.svg
actions/24/viewhtml.svg	L	../../places/22/folder-html.svg
actions/symbolic/view-app-grid-symbolic.svg	F	parchaos-launcher-symbolic.svg
actions/symbolic/xsi-view-app-grid-symbolic.svg	L	view-app-grid-symbolic.svg
apps/scalable/1E64_notepad.0.svg	L	text-editor.svg
apps/scalable/7596_iexplore.0.svg	L	web-browser.svg
apps/scalable/7z.svg	L	file-roller.svg
apps/scalable/7zip.svg	L	file-roller.svg
apps/scalable/81F5_winebrowser.0.svg	L	web-browser.svg
apps/scalable/ECB7_iexplore.0.svg	L	web-browser.svg
apps/scalable/Etermutilities-terminal.svg	L	terminal.svg
apps/scalable/FB4C_iexplore.0.svg	L	web-browser.svg
apps/scalable/GMail-mail.google.com.svg	L	internet-mail.svg
apps/scalable/Gmail-mail.google.com.svg	L	internet-mail.svg
apps/scalable/Insight-FileManager.svg	L	file-manager.svg
apps/scalable/J7Z.svg	L	file-roller.svg
apps/scalable/Mt.svg	L	terminal.svg
apps/scalable/MultiBrowser.svg	L	web-browser.svg
apps/scalable/Sylpheed.svg	L	internet-mail.svg
apps/scalable/Terminal-tango.svg	L	terminal.svg
apps/scalable/Terminal.svg	L	terminal.svg
apps/scalable/Thunar.svg	L	file-manager.svg
apps/scalable/WMail.svg	L	internet-mail.svg
apps/scalable/WorkerIcon48.svg	L	file-manager.svg
apps/scalable/accessories-archiver.svg	L	file-roller.svg
apps/scalable/accessories-calculator.svg	L	calc.svg
apps/scalable/accessories-clock.svg	L	preferences-system-time.svg
apps/scalable/accessories-screenshot.svg	F	parchaos-screenshot.svg
apps/scalable/addressbook.svg	F	parchaos-contacts.svg
apps/scalable/agent.svg	L	web-browser.svg
apps/scalable/alarm-clock.svg	L	preferences-system-time.svg
apps/scalable/alarm-timer.svg	L	preferences-system-time.svg
apps/scalable/angelfish.svg	L	web-browser.svg
apps/scalable/angular-console.svg	L	terminal.svg
apps/scalable/appimagekit-gmail-desktop.svg	L	internet-mail.svg
apps/scalable/appimagekit-ksnip.svg	L	accessories-screenshot.svg
apps/scalable/applets-screenshooter.svg	L	accessories-screenshot.svg
apps/scalable/application-x-firmware.svg	L	hwinfo.svg
apps/scalable/applications-development-web.svg	L	web-browser.svg
apps/scalable/applications-internet.svg	L	web-browser.svg
apps/scalable/applications-system-orange.svg	L	preferences-system.svg
apps/scalable/applications-utilities.svg	L	utilities-system-monitor.svg
apps/scalable/applications-webbrowsers.svg	L	web-browser.svg
apps/scalable/appointment.svg	L	calendar.svg
apps/scalable/arca.svg	L	file-roller.svg
apps/scalable/archive-manager.svg	L	file-roller.svg
apps/scalable/archivemanager.svg	L	file-roller.svg
apps/scalable/ark.svg	L	file-roller.svg
apps/scalable/arora.svg	L	web-browser.svg
apps/scalable/aterm.svg	L	terminal.svg
apps/scalable/athena.svg	L	file-manager.svg
apps/scalable/bash.svg	L	terminal.svg
apps/scalable/blivet-gui.svg	L	gnome-disks.svg
apps/scalable/blogilo.svg	L	text-editor.svg
apps/scalable/blueclock.svg	L	preferences-system-time.svg
apps/scalable/blueclock32.svg	L	preferences-system-time.svg
apps/scalable/bottles_notepad.svg	L	text-editor.svg
apps/scalable/brave-fmgjjmmmlfnkbppncabfkddbjimcfncm-Default.svg	L	internet-mail.svg
apps/scalable/brave-pjkljhegncpnkpknbcohdijeoejaedia-Default.svg	L	internet-mail.svg
apps/scalable/browser.svg	L	web-browser.svg
apps/scalable/brun.svg	L	calc.svg
apps/scalable/cairo-clock.svg	L	preferences-system-time.svg
apps/scalable/caja-actions.svg	L	file-manager.svg
apps/scalable/calc.svg	F	parchaos-calculator.svg
apps/scalable/calculator.svg	L	calc.svg
apps/scalable/calendar-red-31.svg	L	calendar.svg
apps/scalable/calendar.svg	F	parchaos-calendar.svg
apps/scalable/california.svg	L	calendar.svg
apps/scalable/calindori.svg	L	calendar.svg
apps/scalable/checkgmail.svg	L	internet-mail.svg
apps/scalable/chrome-agedgfbdadefbodjkkkcpihgcmibpcff-Default.svg	L	parchaos-cloud-app.svg
apps/scalable/chrome-calculator.svg	L	calc.svg
apps/scalable/chrome-ddfcbhajfcbadieedchpomhocpkhgeke-Default.svg	L	parchaos-cloud-app.svg
apps/scalable/chrome-fmgjjmmmlfnkbppncabfkddbjimcfncm-Default.svg	L	internet-mail.svg
apps/scalable/chrome-hfhhnacclhffhdffklopdkcgdhifgngh-Default.svg	L	accessories-screenshot.svg
apps/scalable/chrome-joodangkbfjnajiiifokapkpmhfnpleo-Default.svg	L	calc.svg
apps/scalable/chrome-joodangkbfjnajiiifokapkpmhfnpleo.svg	L	calc.svg
apps/scalable/chrome-kogcfmeennoidocadkgjhnbancebmlbf-Default.svg	L	terminal.svg
apps/scalable/chrome-pjkljhegncpnkpknbcohdijeoejaedia-Default.svg	L	internet-mail.svg
apps/scalable/cinnamon-preferences-system-time.svg	L	preferences-system-time.svg
apps/scalable/claws-mail-128x128.svg	L	internet-mail.svg
apps/scalable/claws-mail-32x32.svg	L	internet-mail.svg
apps/scalable/claws-mail-64x64.svg	L	internet-mail.svg
apps/scalable/claws-mail.svg	L	internet-mail.svg
apps/scalable/clawsker.svg	L	internet-mail.svg
apps/scalable/clock.svg	L	preferences-system-time.svg
apps/scalable/clocks.svg	L	preferences-system-time.svg
apps/scalable/code.svg	L	text-editor.svg
apps/scalable/com.deepin.Calculator.svg	L	calc.svg
apps/scalable/com.deepin.Calendar.svg	L	calendar.svg
apps/scalable/com.deepin.ScreenShot.svg	L	accessories-screenshot.svg
apps/scalable/com.deepin.Screenshot.svg	L	accessories-screenshot.svg
apps/scalable/com.expidusos.calculator.svg	L	calc.svg
apps/scalable/com.expidusos.file_manager.svg	L	file-manager.svg
apps/scalable/com.fyralabs.Accelerator.svg	L	terminal.svg
apps/scalable/com.fyralabs.Fermion.svg	L	terminal.svg
apps/scalable/com.fyralabs.Kairos.svg	L	indicator-weather.svg
apps/scalable/com.fyralabs.Nixie.svg	L	preferences-system-time.svg
apps/scalable/com.github.bitseater.weather.svg	L	indicator-weather.svg
apps/scalable/com.github.danrabbit.nimbus.svg	L	indicator-weather.svg
apps/scalable/com.github.lpereira.HardInfo.svg	L	hwinfo.svg
apps/scalable/com.github.lpereira.hardinfo.svg	L	hwinfo.svg
apps/scalable/com.github.matzipan.envoyer.svg	L	internet-mail.svg
apps/scalable/com.github.qarmin.szyszka.svg	L	text-editor.svg
apps/scalable/com.github.sgpthomas.hourglass.svg	L	preferences-system-time.svg
apps/scalable/com.github.stsdc.monitor.svg	L	utilities-system-monitor.svg
apps/scalable/com.github.zren.sysmonitordash.svg	L	utilities-system-monitor.svg
apps/scalable/com.gitlab.bitseater.meteo.svg	L	indicator-weather.svg
apps/scalable/com.gitlab.miridyan.Mt.svg	L	terminal.svg
apps/scalable/com.gnome.Software.svg	L	softwarecenter.svg
apps/scalable/com.gnome.software.svg	L	softwarecenter.svg
apps/scalable/com.koldbyte.kde.termoid.svg	L	terminal.svg
apps/scalable/com.librehat.yahooweather.svg	L	indicator-weather.svg
apps/scalable/com.raggesilver.BlackBox.svg	L	terminal.svg
apps/scalable/com.vicr123.the24.svg	L	preferences-system-time.svg
apps/scalable/com.vicr123.thefile.svg	L	file-manager.svg
apps/scalable/com.vicr123.theshop.svg	L	softwarecenter.svg
apps/scalable/com.vicr123.theterminal.svg	L	terminal.svg
apps/scalable/com.vicr123.theweb.svg	L	web-browser.svg
apps/scalable/config-date.svg	L	preferences-system-time.svg
apps/scalable/configuration_section.svg	L	preferences-system.svg
apps/scalable/contact-editor.svg	L	addressbook.svg
apps/scalable/contact.svg	L	addressbook.svg
apps/scalable/contacts.svg	L	addressbook.svg
apps/scalable/control-center2.svg	L	preferences-system.svg
apps/scalable/cosmic-settings.svg	L	preferences-system.svg
apps/scalable/coypu.svg	L	calendar.svg
apps/scalable/cqcb.plasma.webslice.svg	L	web-browser.svg
apps/scalable/cs-cat-prefs.svg	L	preferences-system.svg
apps/scalable/cs-date-time.svg	L	preferences-system-time.svg
apps/scalable/cs-general.svg	L	preferences-system.svg
apps/scalable/csd-datetime.svg	L	preferences-system-time.svg
apps/scalable/cuckoo.svg	L	preferences-system-time.svg
apps/scalable/cumulus.svg	L	indicator-weather.svg
apps/scalable/cutefish-calculator.svg	L	calc.svg
apps/scalable/cutefish-screenshot.svg	L	accessories-screenshot.svg
apps/scalable/d-tracker.svg	L	preferences-system-time.svg
apps/scalable/d3lphin.svg	L	file-manager.svg
apps/scalable/date.svg	L	calendar.svg
apps/scalable/dates.svg	L	calendar.svg
apps/scalable/dayfolder.svg	L	calendar.svg
apps/scalable/dde-calendar.svg	L	calendar.svg
apps/scalable/dde-file-manager.svg	L	file-manager.svg
apps/scalable/ddrescue-gui.svg	L	utilities-system-monitor.svg
apps/scalable/deepin-browser.svg	L	web-browser.svg
apps/scalable/deepin-calculator.svg	L	calc.svg
apps/scalable/deepin-calendar.svg	L	calendar.svg
apps/scalable/deepin-compressor.svg	L	file-roller.svg
apps/scalable/deepin-contacts.svg	L	addressbook.svg
apps/scalable/deepin-diskmanager.svg	L	gnome-disks.svg
apps/scalable/deepin-editor.svg	L	text-editor.svg
apps/scalable/deepin-mail.svg	L	internet-mail.svg
apps/scalable/deepin-screenshot.svg	L	accessories-screenshot.svg
apps/scalable/deepin-software-center.svg	L	softwarecenter.svg
apps/scalable/deepin-system-monitor.svg	L	utilities-system-monitor.svg
apps/scalable/deepin-terminal.svg	L	terminal.svg
apps/scalable/deepinwine-7zip.svg	L	file-roller.svg
apps/scalable/dev.shaduri.GSmartControl.svg	L	utilities-system-monitor.svg
apps/scalable/dev.tchx84.Portfolio.svg	L	file-manager.svg
apps/scalable/dillo.svg	L	web-browser.svg
apps/scalable/disk-usage-analyzer.svg	L	gnome-disks.svg
apps/scalable/diskmonitor.svg	L	utilities-system-monitor.svg
apps/scalable/dk.yumex.Yumex.svg	L	softwarecenter.svg
apps/scalable/document-open-recent.svg	L	preferences-system-time.svg
apps/scalable/e-mail.svg	L	internet-mail.svg
apps/scalable/email-client.svg	L	internet-mail.svg
apps/scalable/email.svg	L	internet-mail.svg
apps/scalable/engrampa.svg	L	file-roller.svg
apps/scalable/epiphany-browser.svg	L	web-browser.svg
apps/scalable/epiphany-gecko.svg	L	web-browser.svg
apps/scalable/epiphany-icon.svg	L	web-browser.svg
apps/scalable/epiphany-webkit.svg	L	web-browser.svg
apps/scalable/epiphany.svg	L	web-browser.svg
apps/scalable/era.svg	L	preferences-system-time.svg
apps/scalable/evolution-calendar.svg	L	calendar.svg
apps/scalable/evolution-mail.svg	L	internet-mail.svg
apps/scalable/evolution.svg	L	internet-mail.svg
apps/scalable/f-spot.svg	L	accessories-screenshot.svg
apps/scalable/file-manager.svg	F	parcher.svg
apps/scalable/file-roller.svg	F	parchaos-archive.svg
apps/scalable/file-system-manager.svg	L	file-manager.svg
apps/scalable/filerunner.svg	L	file-manager.svg
apps/scalable/filled-xterm_32x32.svg	L	terminal.svg
apps/scalable/filled-xterm_48x48.svg	L	terminal.svg
apps/scalable/firmware-manager.svg	L	hwinfo.svg
apps/scalable/flock-browser.svg	L	web-browser.svg
apps/scalable/fma-config-tool.svg	L	file-manager.svg
apps/scalable/foot.svg	L	terminal.svg
apps/scalable/funterm.svg	L	terminal.svg
apps/scalable/galculator.svg	L	calc.svg
apps/scalable/galeon.svg	L	web-browser.svg
apps/scalable/garuda-settings-manager.svg	L	preferences-system.svg
apps/scalable/gcalculator.svg	L	calc.svg
apps/scalable/gcbalculator.svg	L	calc.svg
apps/scalable/gdiskdump.svg	L	gnome-disks.svg
apps/scalable/gdmap.svg	L	gnome-disks.svg
apps/scalable/gdmap_icon.svg	L	gnome-disks.svg
apps/scalable/geary.svg	L	internet-mail.svg
apps/scalable/gis-weather.svg	L	indicator-weather.svg
apps/scalable/gkrellm.svg	L	utilities-system-monitor.svg
apps/scalable/gksu-debian.svg	L	terminal.svg
apps/scalable/gmail-desktop.svg	L	internet-mail.svg
apps/scalable/gmail-notify-icon.svg	L	internet-mail.svg
apps/scalable/gmail-plasmoid.svg	L	internet-mail.svg
apps/scalable/gmail.svg	L	internet-mail.svg
apps/scalable/gmailwatcher.svg	L	internet-mail.svg
apps/scalable/gnethogs.svg	L	utilities-system-monitor.svg
apps/scalable/gnome-balsa.svg	L	internet-mail.svg
apps/scalable/gnome-balsa2.svg	L	internet-mail.svg
apps/scalable/gnome-calc.svg	L	calc.svg
apps/scalable/gnome-calculator.svg	L	calc.svg
apps/scalable/gnome-calendar.svg	L	calendar.svg
apps/scalable/gnome-clocks.svg	L	preferences-system-time.svg
apps/scalable/gnome-console.svg	L	terminal.svg
apps/scalable/gnome-contacts.svg	L	addressbook.svg
apps/scalable/gnome-control-center.svg	L	preferences-system.svg
apps/scalable/gnome-disk-utility.svg	L	gnome-disks.svg
apps/scalable/gnome-disks.svg	F	parchaos-disks.svg
apps/scalable/gnome-eterm.svg	L	terminal.svg
apps/scalable/gnome-gmail.svg	L	internet-mail.svg
apps/scalable/gnome-internet.svg	L	web-browser.svg
apps/scalable/gnome-mime-text-x-vcalendar.svg	L	calendar.svg
apps/scalable/gnome-monitor.svg	L	utilities-system-monitor.svg
apps/scalable/gnome-panel-clock.svg	L	preferences-system-time.svg
apps/scalable/gnome-panel-screenshoot.svg	L	accessories-screenshot.svg
apps/scalable/gnome-panel-screenshot.svg	L	accessories-screenshot.svg
apps/scalable/gnome-screenshot.svg	L	accessories-screenshot.svg
apps/scalable/gnome-set-time.svg	L	preferences-system-time.svg
apps/scalable/gnome-settings.svg	L	preferences-system.svg
apps/scalable/gnome-software.svg	L	softwarecenter.svg
apps/scalable/gnome-status.svg	L	hwinfo.svg
apps/scalable/gnome-system-config.svg	L	preferences-system.svg
apps/scalable/gnome-system-monitor.svg	L	utilities-system-monitor.svg
apps/scalable/gnome-system.svg	L	preferences-system.svg
apps/scalable/gnome-term.svg	L	terminal.svg
apps/scalable/gnome-terminal.svg	L	terminal.svg
apps/scalable/gnome-text-editor.svg	L	text-editor.svg
apps/scalable/gnome-usage.svg	L	utilities-system-monitor.svg
apps/scalable/gnome-weather.svg	L	indicator-weather.svg
apps/scalable/gnome-web-browser.svg	L	web-browser.svg
apps/scalable/gnome-web.svg	L	web-browser.svg
apps/scalable/gnome-word.svg	L	text-editor.svg
apps/scalable/gnome-xterm.svg	L	terminal.svg
apps/scalable/google-calculator.svg	L	calc.svg
apps/scalable/gparted.svg	L	gnome-disks.svg
apps/scalable/gscreenshot.svg	L	accessories-screenshot.svg
apps/scalable/gsmartcontrol.svg	L	utilities-system-monitor.svg
apps/scalable/gtkterm.svg	L	terminal.svg
apps/scalable/gtubeclock.svg	L	preferences-system-time.svg
apps/scalable/gvfsd-archive-file.svg	L	file-roller.svg
apps/scalable/gworldclock.svg	L	preferences-system-time.svg
apps/scalable/harddrake2.svg	L	hwinfo.svg
apps/scalable/hardinfo.svg	L	hwinfo.svg
apps/scalable/hotwire.svg	L	terminal.svg
apps/scalable/hourglass.svg	L	preferences-system-time.svg
apps/scalable/hterm.svg	L	terminal.svg
apps/scalable/hwbrowser.svg	L	hwinfo.svg
apps/scalable/hwinfo.svg	F	parchaos-firmware.svg
apps/scalable/imaginario.svg	L	accessories-screenshot.svg
apps/scalable/imap.svg	L	internet-mail.svg
apps/scalable/indicator-china-weather.svg	L	indicator-weather.svg
apps/scalable/indicator-weather.svg	F	parchaos-weather.svg
apps/scalable/instantbird.svg	L	internet-mail.svg
apps/scalable/internet-mail.svg	F	parchaos-mail.svg
apps/scalable/internet-web-browser.svg	L	web-browser.svg
apps/scalable/internet.svg	L	web-browser.svg
apps/scalable/internet_mail.svg	L	internet-mail.svg
apps/scalable/io.elementary.calculator.svg	L	calc.svg
apps/scalable/io.elementary.calendar.svg	L	calendar.svg
apps/scalable/io.elementary.code.svg	L	text-editor.svg
apps/scalable/io.elementary.files.svg	L	file-manager.svg
apps/scalable/io.elementary.mail.svg	L	internet-mail.svg
apps/scalable/io.elementary.meteo.svg	L	indicator-weather.svg
apps/scalable/io.elementary.monitor.svg	L	utilities-system-monitor.svg
apps/scalable/io.elementary.screenshot-tool.svg	L	accessories-screenshot.svg
apps/scalable/io.elementary.screenshot.svg	L	accessories-screenshot.svg
apps/scalable/io.elementary.switchboard.svg	L	preferences-system.svg
apps/scalable/io.elementary.terminal.svg	L	terminal.svg
apps/scalable/io.github.Qalculate.qalculate-qt.svg	L	calc.svg
apps/scalable/io.github.Qalculate.svg	L	calc.svg
apps/scalable/io.github.amit9838.mousam.svg	L	indicator-weather.svg
apps/scalable/io.github.amit9838.weather.svg	L	indicator-weather.svg
apps/scalable/io.github.danirabbit.nimbus.svg	L	indicator-weather.svg
apps/scalable/io.github.dgsasha.Remembrance.svg	L	preferences-system-time.svg
apps/scalable/io.github.gnome_terminator.terminator.svg	L	terminal.svg
apps/scalable/io.github.igorlogius.scr2ppm.svg	L	accessories-screenshot.svg
apps/scalable/io.github.openWMail.openWMail.svg	L	internet-mail.svg
apps/scalable/io.github.qalculate.Qalculate.svg	L	calc.svg
apps/scalable/io.liri.Calculator.svg	L	calc.svg
apps/scalable/io.liri.Text.svg	L	text-editor.svg
apps/scalable/io.playnux.calculator.svg	L	calc.svg
apps/scalable/io.snapcraft.Store.svg	L	softwarecenter.svg
apps/scalable/it.mijorus.webappmanager.svg	L	web-browser.svg
apps/scalable/journal.svg	L	text-editor.svg
apps/scalable/kaddressbook.svg	L	addressbook.svg
apps/scalable/kalarm.svg	L	preferences-system-time.svg
apps/scalable/kalk.svg	L	calc.svg
apps/scalable/kcalc.svg	L	calc.svg
apps/scalable/kclock.svg	L	preferences-system-time.svg
apps/scalable/kcmprocessor.svg	L	hwinfo.svg
apps/scalable/kconsole.svg	L	terminal.svg
apps/scalable/kcontrol.svg	L	preferences-system.svg
apps/scalable/kdf.svg	L	gnome-disks.svg
apps/scalable/kdiskfree.svg	L	gnome-disks.svg
apps/scalable/kedit.svg	L	text-editor.svg
apps/scalable/kfm.svg	L	file-manager.svg
apps/scalable/kinfocenter.svg	L	hwinfo.svg
apps/scalable/klock.svg	L	preferences-system-time.svg
apps/scalable/kmail.svg	L	internet-mail.svg
apps/scalable/kmail2.svg	L	internet-mail.svg
apps/scalable/kmailcvt.svg	L	internet-mail.svg
apps/scalable/konsole-linux32.svg	L	terminal.svg
apps/scalable/konsole.svg	L	terminal.svg
apps/scalable/konsole_tux.svg	L	terminal.svg
apps/scalable/konsolekalendar.svg	L	calendar.svg
apps/scalable/kontact.svg	L	addressbook.svg
apps/scalable/korgac.svg	L	preferences-system-time.svg
apps/scalable/krename.svg	L	text-editor.svg
apps/scalable/kscreengenie.svg	L	accessories-screenshot.svg
apps/scalable/kscreenshot.svg	L	accessories-screenshot.svg
apps/scalable/ksnapshot.svg	L	accessories-screenshot.svg
apps/scalable/ksnip.svg	L	accessories-screenshot.svg
apps/scalable/ksysguard.svg	L	utilities-system-monitor.svg
apps/scalable/ksysguardd.svg	L	utilities-system-monitor.svg
apps/scalable/kterm.svg	L	terminal.svg
apps/scalable/ktimer.svg	L	preferences-system-time.svg
apps/scalable/ktimetracker.svg	L	preferences-system-time.svg
apps/scalable/ktneft.svg	L	file-roller.svg
apps/scalable/ktp-contacts.svg	L	addressbook.svg
apps/scalable/kube-mail.svg	L	internet-mail.svg
apps/scalable/kweather.svg	L	indicator-weather.svg
apps/scalable/kwikdisk.svg	L	gnome-disks.svg
apps/scalable/kwrite.svg	L	text-editor.svg
apps/scalable/l3afpad.svg	L	text-editor.svg
apps/scalable/leafpad.svg	L	text-editor.svg
apps/scalable/leftpad.svg	L	text-editor.svg
apps/scalable/light-software-center.svg	L	softwarecenter.svg
apps/scalable/liteinfo.svg	L	hwinfo.svg
apps/scalable/litesoftware.svg	L	softwarecenter.svg
apps/scalable/logjam.svg	L	text-editor.svg
apps/scalable/lubuntu-software-center.svg	L	softwarecenter.svg
apps/scalable/lxqt-archiver.svg	L	file-roller.svg
apps/scalable/lxtask.svg	L	utilities-system-monitor.svg
apps/scalable/lxterminal.svg	L	terminal.svg
apps/scalable/mail-client.svg	L	internet-mail.svg
apps/scalable/mail-generic.svg	L	internet-mail.svg
apps/scalable/mail-notification.svg	L	internet-mail.svg
apps/scalable/mail_generic.svg	L	internet-mail.svg
apps/scalable/mailer.svg	L	internet-mail.svg
apps/scalable/mailnag.svg	L	internet-mail.svg
apps/scalable/mate-panel-clock.svg	L	preferences-system-time.svg
apps/scalable/matepalimpsest.svg	L	gnome-disks.svg
apps/scalable/maui-station.svg	L	terminal.svg
apps/scalable/media-removable.svg	L	gnome-disks.svg
apps/scalable/meteo-qt.svg	L	indicator-weather.svg
apps/scalable/mini.xterm_32x32.svg	L	terminal.svg
apps/scalable/mini.xterm_48x48.svg	L	terminal.svg
apps/scalable/mintinstall.svg	L	softwarecenter.svg
apps/scalable/mousepad.svg	L	text-editor.svg
apps/scalable/multilingual-terminal.svg	L	terminal.svg
apps/scalable/muon-discover.svg	L	softwarecenter.svg
apps/scalable/muondis-cover.svg	L	softwarecenter.svg
apps/scalable/muondiscover.svg	L	softwarecenter.svg
apps/scalable/mx-clocky.svg	L	preferences-system-time.svg
apps/scalable/mx-timeset-gui-icon.svg	L	preferences-system-time.svg
apps/scalable/nautilus-actions-config-tool.svg	L	file-manager.svg
apps/scalable/nautilus-actions.svg	L	file-manager.svg
apps/scalable/nautilus.svg	L	file-manager.svg
apps/scalable/nemo.svg	L	file-manager.svg
apps/scalable/net.tenshu.Terminator2.svg	L	terminal.svg
apps/scalable/network-manager.svg	L	web-browser.svg
apps/scalable/nimbus.svg	L	indicator-weather.svg
apps/scalable/notecase.svg	L	text-editor.svg
apps/scalable/notepad-48.svg	L	text-editor.svg
apps/scalable/ntfs-config.svg	L	gnome-disks.svg
apps/scalable/nxterm.svg	L	terminal.svg
apps/scalable/nylas-mail.svg	L	internet-mail.svg
apps/scalable/nylas.svg	L	internet-mail.svg
apps/scalable/office-address-book.svg	L	addressbook.svg
apps/scalable/office-addressbook.svg	L	addressbook.svg
apps/scalable/office-calendar.svg	L	calendar.svg
apps/scalable/office-date.svg	L	calendar.svg
apps/scalable/openstore.svg	L	softwarecenter.svg
apps/scalable/openterm.svg	L	terminal.svg
apps/scalable/openwmail.svg	L	internet-mail.svg
apps/scalable/orage.svg	L	preferences-system-time.svg
apps/scalable/orage_globaltime.svg	L	preferences-system-time.svg
apps/scalable/org.buddiesofbudgie.Settings.svg	L	preferences-system.svg
apps/scalable/org.claws_mail.Claws-Mail.svg	L	internet-mail.svg
apps/scalable/org.clawsmail.Claws.svg	L	internet-mail.svg
apps/scalable/org.codeberg.dnkl.foot.svg	L	terminal.svg
apps/scalable/org.cubocore.CoreArchiver.svg	L	file-roller.svg
apps/scalable/org.cubocore.CoreFM.svg	L	file-manager.svg
apps/scalable/org.cubocore.CoreGarage.svg	L	preferences-system.svg
apps/scalable/org.cubocore.CoreStats.svg	L	utilities-system-monitor.svg
apps/scalable/org.deepin.browser.svg	L	web-browser.svg
apps/scalable/org.deepin.contacts.svg	L	addressbook.svg
apps/scalable/org.deepin.flatdeb.deepin-calculator.svg	L	calc.svg
apps/scalable/org.deepin.flatdeb.deepin-calendar.svg	L	calendar.svg
apps/scalable/org.deepin.flatdeb.deepin-screenshot.svg	L	accessories-screenshot.svg
apps/scalable/org.gnome.ArchiveManager.svg	L	file-roller.svg
apps/scalable/org.gnome.Calculator.svg	L	calc.svg
apps/scalable/org.gnome.Calendar.svg	L	calendar.svg
apps/scalable/org.gnome.Clocks.svg	L	preferences-system-time.svg
apps/scalable/org.gnome.Console.svg	L	terminal.svg
apps/scalable/org.gnome.Contacts.svg	L	addressbook.svg
apps/scalable/org.gnome.DiskUtility.svg	L	gnome-disks.svg
apps/scalable/org.gnome.Eolie.svg	L	web-browser.svg
apps/scalable/org.gnome.Epiphany.Devel.svg	L	web-browser.svg
apps/scalable/org.gnome.Epiphany.svg	L	web-browser.svg
apps/scalable/org.gnome.Evolution.svg	L	internet-mail.svg
apps/scalable/org.gnome.FileRoller.svg	L	file-roller.svg
apps/scalable/org.gnome.Files.svg	L	file-manager.svg
apps/scalable/org.gnome.Firmware.svg	L	hwinfo.svg
apps/scalable/org.gnome.GSmartControl.svg	L	utilities-system-monitor.svg
apps/scalable/org.gnome.Geary.svg	L	internet-mail.svg
apps/scalable/org.gnome.Loupe.svg	F	parchaos-preview.svg
apps/scalable/org.gnome.Nautilus.svg	L	file-manager.svg
apps/scalable/org.gnome.Prompt.svg	L	terminal.svg
apps/scalable/org.gnome.Screenshot.svg	L	accessories-screenshot.svg
apps/scalable/org.gnome.Settings.svg	L	preferences-system.svg
apps/scalable/org.gnome.Software.Editor.svg	L	softwarecenter.svg
apps/scalable/org.gnome.Software.svg	L	softwarecenter.svg
apps/scalable/org.gnome.SystemMonitor.svg	L	utilities-system-monitor.svg
apps/scalable/org.gnome.Terminal.svg	L	terminal.svg
apps/scalable/org.gnome.TextEditor.svg	L	text-editor.svg
apps/scalable/org.gnome.Usage.svg	L	utilities-system-monitor.svg
apps/scalable/org.gnome.Weather.Application.svg	L	indicator-weather.svg
apps/scalable/org.gnome.Weather.svg	L	indicator-weather.svg
apps/scalable/org.gnome.Web.svg	L	web-browser.svg
apps/scalable/org.gnome.calendar.svg	L	calendar.svg
apps/scalable/org.gnome.clocks.svg	L	preferences-system-time.svg
apps/scalable/org.gnome.epiphany.svg	L	web-browser.svg
apps/scalable/org.gnome.files.svg	L	file-manager.svg
apps/scalable/org.gnome.gparted.svg	L	gnome-disks.svg
apps/scalable/org.gnome.nautilus.svg	L	file-manager.svg
apps/scalable/org.gnome.software.svg	L	softwarecenter.svg
apps/scalable/org.gnome.weather.application.svg	L	indicator-weather.svg
apps/scalable/org.gnome.weather.svg	L	indicator-weather.svg
apps/scalable/org.gnome.web.svg	L	web-browser.svg
apps/scalable/org.gnome.zbrown.KingsCross.svg	L	terminal.svg
apps/scalable/org.gnome_terminator.Terminator2.svg	L	terminal.svg
apps/scalable/org.kde.angelfish.svg	L	web-browser.svg
apps/scalable/org.kde.arca.svg	L	file-roller.svg
apps/scalable/org.kde.ark.svg	L	file-roller.svg
apps/scalable/org.kde.blogilo.svg	L	text-editor.svg
apps/scalable/org.kde.calindori.svg	L	calendar.svg
apps/scalable/org.kde.contrib.dayofmonth.svg	L	calendar.svg
apps/scalable/org.kde.contrib.dayofweek.svg	L	calendar.svg
apps/scalable/org.kde.discover.svg	L	softwarecenter.svg
apps/scalable/org.kde.dolphin.svg	L	file-manager.svg
apps/scalable/org.kde.index.svg	L	file-manager.svg
apps/scalable/org.kde.kaddressbook.svg	L	addressbook.svg
apps/scalable/org.kde.kalarm.svg	L	preferences-system-time.svg
apps/scalable/org.kde.kalk.svg	L	calc.svg
apps/scalable/org.kde.kate.svg	L	text-editor.svg
apps/scalable/org.kde.kcalc.svg	L	calc.svg
apps/scalable/org.kde.kclock.svg	L	preferences-system-time.svg
apps/scalable/org.kde.kdf.svg	L	gnome-disks.svg
apps/scalable/org.kde.kinfocenter.svg	L	hwinfo.svg
apps/scalable/org.kde.kmail.svg	L	internet-mail.svg
apps/scalable/org.kde.kmail2.svg	L	internet-mail.svg
apps/scalable/org.kde.konsole.svg	L	terminal.svg
apps/scalable/org.kde.kontact.svg	L	addressbook.svg
apps/scalable/org.kde.korganizer.svg	L	calendar.svg
apps/scalable/org.kde.krename.svg	L	text-editor.svg
apps/scalable/org.kde.ksysguard.svg	L	utilities-system-monitor.svg
apps/scalable/org.kde.ktimer.svg	L	preferences-system-time.svg
apps/scalable/org.kde.ktimetracker.svg	L	preferences-system-time.svg
apps/scalable/org.kde.ktpcontactlist.svg	L	addressbook.svg
apps/scalable/org.kde.kweather.svg	L	indicator-weather.svg
apps/scalable/org.kde.kwrite.svg	L	text-editor.svg
apps/scalable/org.kde.merkuro.contact.svg	L	addressbook.svg
apps/scalable/org.kde.merkuro.mail.svg	L	internet-mail.svg
apps/scalable/org.kde.mobile.angelfish.svg	L	web-browser.svg
apps/scalable/org.kde.mobile.calindori.svg	L	calendar.svg
apps/scalable/org.kde.partitionmanager.svg	L	gnome-disks.svg
apps/scalable/org.kde.phone.calindori.svg	L	calendar.svg
apps/scalable/org.kde.plasma.awesomewidget.svg	L	utilities-system-monitor.svg
apps/scalable/org.kde.plasma.calculator.svg	L	calc.svg
apps/scalable/org.kde.plasma.calendar.svg	L	calendar.svg
apps/scalable/org.kde.plasma.date.svg	L	calendar.svg
apps/scalable/org.kde.plasma.disks.svg	L	utilities-system-monitor.svg
apps/scalable/org.kde.plasma.eventcalendar.svg	L	calendar.svg
apps/scalable/org.kde.plasma.gmailfeed.svg	L	internet-mail.svg
apps/scalable/org.kde.plasma.konsoleprofiles.svg	L	terminal.svg
apps/scalable/org.kde.plasma.qalculate.svg	L	calc.svg
apps/scalable/org.kde.plasma.systemloadviewer.svg	L	utilities-system-monitor.svg
apps/scalable/org.kde.plasma.systemmonitor.diskactivity.svg	L	gnome-disks.svg
apps/scalable/org.kde.plasma.systemmonitor.diskusage.svg	L	gnome-disks.svg
apps/scalable/org.kde.plasma.weather.svg	L	indicator-weather.svg
apps/scalable/org.kde.plasma.webbrowser.svg	L	web-browser.svg
apps/scalable/org.kde.qmlkonsole.svg	L	terminal.svg
apps/scalable/org.kde.raven.svg	L	internet-mail.svg
apps/scalable/org.kde.resourcesMonitor.svg	L	utilities-system-monitor.svg
apps/scalable/org.kde.spectacle.svg	L	accessories-screenshot.svg
apps/scalable/org.kde.station.svg	L	terminal.svg
apps/scalable/org.kde.trojita.svg	L	internet-mail.svg
apps/scalable/org.kde.weatherWidget.svg	L	indicator-weather.svg
apps/scalable/org.ksnip.ksnip.svg	L	accessories-screenshot.svg
apps/scalable/org.speedcrunch.SpeedCrunch.svg	L	calc.svg
apps/scalable/org.xfce.filemanager.svg	L	file-manager.svg
apps/scalable/org.xfce.genmon.svg	L	utilities-system-monitor.svg
apps/scalable/org.xfce.mailreader.svg	L	internet-mail.svg
apps/scalable/org.xfce.panel.clock.svg	L	calendar.svg
apps/scalable/org.xfce.panel.cpugraph.svg	L	utilities-system-monitor.svg
apps/scalable/org.xfce.panel.weather.svg	L	indicator-weather.svg
apps/scalable/org.xfce.screenshooter.svg	L	accessories-screenshot.svg
apps/scalable/org.xfce.settings.editor.svg	L	preferences-system.svg
apps/scalable/org.xfce.settings.manager.svg	L	preferences-system.svg
apps/scalable/org.xfce.taskmanager.svg	L	utilities-system-monitor.svg
apps/scalable/org.xfce.terminal-settings.svg	L	terminal.svg
apps/scalable/org.xfce.terminal.svg	L	terminal.svg
apps/scalable/org.xfce.terminalemulator.svg	L	terminal.svg
apps/scalable/org.xfce.thunar.svg	L	file-manager.svg
apps/scalable/org.xfce.webbrowser.svg	L	web-browser.svg
apps/scalable/org.yorba.geary.svg	L	internet-mail.svg
apps/scalable/osmo.svg	L	preferences-system-time.svg
apps/scalable/oxygen.svg	L	text-editor.svg
apps/scalable/p7zip-gui.svg	L	file-roller.svg
apps/scalable/p7zip.svg	L	file-roller.svg
apps/scalable/package_graphics_photography.svg	L	accessories-screenshot.svg
apps/scalable/package_internet_email.svg	L	internet-mail.svg
apps/scalable/package_office_addressbook.svg	L	addressbook.svg
apps/scalable/package_utilities.svg	L	utilities-system-monitor.svg
apps/scalable/palimpsest.svg	L	gnome-disks.svg
apps/scalable/paprefs.svg	L	preferences-system.svg
apps/scalable/parchaos-cloud-app.svg	F	parchaos-cloud.svg
apps/scalable/parchaos-web-browser-app.svg	F	parcha-browser.svg
apps/scalable/partitionmanager.svg	L	gnome-disks.svg
apps/scalable/photolayoutseditor.svg	L	accessories-screenshot.svg
apps/scalable/plasmadiscover.svg	L	softwarecenter.svg
apps/scalable/pop3.svg	L	internet-mail.svg
apps/scalable/preferences-calendar-and-tasks.svg	L	calendar.svg
apps/scalable/preferences-contact-list.svg	L	addressbook.svg
apps/scalable/preferences-desktop.svg	L	preferences-system.svg
apps/scalable/preferences-mail.svg	L	internet-mail.svg
apps/scalable/preferences-smart-status.svg	L	gnome-disks.svg
apps/scalable/preferences-system-cron.svg	L	preferences-system-time.svg
apps/scalable/preferences-system-directory.svg	L	preferences-system.svg
apps/scalable/preferences-system-network-ldap.svg	L	addressbook.svg
apps/scalable/preferences-system-performance.svg	L	utilities-system-monitor.svg
apps/scalable/preferences-system-time.svg	F	parchaos-clock.svg
apps/scalable/preferences-system.svg	F	parchaos-settings.svg
apps/scalable/preferences-web-browser-identification.svg	L	web-browser.svg
apps/scalable/preferences-web-browser-shortcuts.svg	L	web-browser.svg
apps/scalable/preferences_system.svg	L	preferences-system.svg
apps/scalable/qalculate-applet.svg	L	calc.svg
apps/scalable/qalculate-gtk.svg	L	calc.svg
apps/scalable/qalculate-kde.svg	L	calc.svg
apps/scalable/qalculate-qt.svg	L	calc.svg
apps/scalable/qalculate.svg	L	calc.svg
apps/scalable/qalculator.svg	L	calc.svg
apps/scalable/qps.svg	L	utilities-system-monitor.svg
apps/scalable/qterminal.svg	L	terminal.svg
apps/scalable/raven.svg	L	internet-mail.svg
apps/scalable/rclock.svg	L	preferences-system-time.svg
apps/scalable/redhat-email.svg	L	internet-mail.svg
apps/scalable/redhat-filemanager.svg	L	file-manager.svg
apps/scalable/redhat-server_settings.svg	L	preferences-system.svg
apps/scalable/redhat-tools.svg	L	preferences-system.svg
apps/scalable/redhat-web-browser.svg	L	web-browser.svg
apps/scalable/rekonq.svg	L	web-browser.svg
apps/scalable/roxterm-gtk3.svg	L	terminal.svg
apps/scalable/roxterm.svg	L	terminal.svg
apps/scalable/scratch-text-editor.svg	L	text-editor.svg
apps/scalable/screengrab.svg	L	accessories-screenshot.svg
apps/scalable/screenie-qt.svg	L	accessories-screenshot.svg
apps/scalable/screenie.svg	L	accessories-screenshot.svg
apps/scalable/snap-store.svg	L	softwarecenter.svg
apps/scalable/software-center.svg	L	softwarecenter.svg
apps/scalable/software-properties-mint.svg	L	softwarecenter.svg
apps/scalable/software-store.svg	L	softwarecenter.svg
apps/scalable/software.svg	L	softwarecenter.svg
apps/scalable/softwarecenter.svg	F	parcha-store.svg
apps/scalable/solstice-bbc-bbc-weather.svg	L	indicator-weather.svg
apps/scalable/solstice-google-gmail.svg	L	internet-mail.svg
apps/scalable/solstice-metoffice-weather.svg	L	indicator-weather.svg
apps/scalable/solstice-microsoft-outlook-calendar.svg	L	calendar.svg
apps/scalable/solstice-nhk-nhk-weather.svg	L	indicator-weather.svg
apps/scalable/solstice-weathernews-japan.svg	L	indicator-weather.svg
apps/scalable/spacefm.svg	L	file-manager.svg
apps/scalable/spectacle.svg	L	accessories-screenshot.svg
apps/scalable/speedcrunch.svg	L	calc.svg
apps/scalable/starcal2.svg	L	calendar.svg
apps/scalable/startupmanager.svg	L	preferences-system.svg
apps/scalable/station.svg	L	terminal.svg
apps/scalable/stock_addressbook.svg	L	addressbook.svg
apps/scalable/stock_alarm.svg	L	preferences-system-time.svg
apps/scalable/stock_calendar.svg	L	calendar.svg
apps/scalable/swcentre.svg	L	softwarecenter.svg
apps/scalable/sylpheed.svg	L	internet-mail.svg
apps/scalable/system-config-date.svg	L	calendar.svg
apps/scalable/system-file-manager.svg	L	file-manager.svg
apps/scalable/system-monitor.svg	L	utilities-system-monitor.svg
apps/scalable/system-settings.svg	L	preferences-system.svg
apps/scalable/systemsettings.svg	L	preferences-system.svg
apps/scalable/szyszka.svg	L	text-editor.svg
apps/scalable/terminal-tango.svg	L	terminal.svg
apps/scalable/terminal.svg	F	parchaos-terminal.svg
apps/scalable/terminator-128.svg	L	terminal.svg
apps/scalable/terminator.svg	L	terminal.svg
apps/scalable/terminology.svg	L	terminal.svg
apps/scalable/terra.svg	L	terminal.svg
apps/scalable/text-editor.svg	F	parchaos-text-editor.svg
apps/scalable/textadept.svg	L	text-editor.svg
apps/scalable/the24.svg	L	preferences-system-time.svg
apps/scalable/thefile.svg	L	file-manager.svg
apps/scalable/theshop.svg	L	softwarecenter.svg
apps/scalable/theterminal.svg	L	terminal.svg
apps/scalable/theweb.svg	L	web-browser.svg
apps/scalable/thunar-filemanager.svg	L	file-manager.svg
apps/scalable/thunar.svg	L	file-manager.svg
apps/scalable/tild.svg	L	terminal.svg
apps/scalable/tilda.svg	L	terminal.svg
apps/scalable/time-admin.svg	L	preferences-system-time.svg
apps/scalable/time.svg	L	preferences-system-time.svg
apps/scalable/timekpr.svg	L	preferences-system-time.svg
apps/scalable/timeset-gui-icon.svg	L	preferences-system-time.svg
apps/scalable/trojita.svg	L	internet-mail.svg
apps/scalable/typhoon.svg	L	indicator-weather.svg
apps/scalable/ubuntu-first-steps.svg	L	preferences-system.svg
apps/scalable/ubuntu-kylin-software-center.svg	L	softwarecenter.svg
apps/scalable/unity-control-center.svg	L	preferences-system.svg
apps/scalable/unity-datetime-panel.svg	L	preferences-system-time.svg
apps/scalable/unity-lens-photos.svg	L	accessories-screenshot.svg
apps/scalable/unity-mail.svg	L	internet-mail.svg
apps/scalable/unity-tweak-tool.svg	L	preferences-system.svg
apps/scalable/unity-webapps-gmail.svg	L	internet-mail.svg
apps/scalable/uosbrowser-cn.svg	L	web-browser.svg
apps/scalable/user-file-manager.svg	L	file-manager.svg
apps/scalable/utilities-file-archiver.svg	L	file-roller.svg
apps/scalable/utilities-system-monitor.svg	F	parchaos-system-monitor.svg
apps/scalable/utilities-terminal.svg	L	terminal.svg
apps/scalable/utilities_terminal.svg	L	terminal.svg
apps/scalable/vala-terminal.svg	L	terminal.svg
apps/scalable/vcalendar.svg	L	calendar.svg
apps/scalable/weather-widget.svg	L	indicator-weather.svg
apps/scalable/weather.svg	L	indicator-weather.svg
apps/scalable/web-browser-app.svg	L	web-browser.svg
apps/scalable/web-browser.svg	F	parchaos-web-browser.svg
apps/scalable/web-google-gmail.svg	L	internet-mail.svg
apps/scalable/webbrowser-app.svg	L	web-browser.svg
apps/scalable/wine-notepad.svg	L	text-editor.svg
apps/scalable/wmail.svg	L	internet-mail.svg
apps/scalable/www-browser.svg	L	web-browser.svg
apps/scalable/x-office-address-book.svg	L	addressbook.svg
apps/scalable/x-office-calendar.svg	L	calendar.svg
apps/scalable/x-office-mail.svg	L	internet-mail.svg
apps/scalable/x-office_mail.svg	L	internet-mail.svg
apps/scalable/x-terminal-emulator.svg	L	terminal.svg
apps/scalable/xar.svg	L	file-roller.svg
apps/scalable/xarchiver.svg	L	file-roller.svg
apps/scalable/xcalc.svg	L	calc.svg
apps/scalable/xclock.svg	L	preferences-system-time.svg
apps/scalable/xconsole.svg	L	terminal.svg
apps/scalable/xdg-browser-launcher.svg	L	web-browser.svg
apps/scalable/xed.svg	L	text-editor.svg
apps/scalable/xfcalendar.svg	L	calendar.svg
apps/scalable/xfce-edit.svg	L	text-editor.svg
apps/scalable/xfce-filemanager.svg	L	file-manager.svg
apps/scalable/xfce-mail.svg	L	internet-mail.svg
apps/scalable/xfce-mount.svg	L	gnome-disks.svg
apps/scalable/xfce-newmail.svg	L	internet-mail.svg
apps/scalable/xfce-schedule.svg	L	preferences-system-time.svg
apps/scalable/xfce-system-settings.svg	L	preferences-system.svg
apps/scalable/xfce-terminal.svg	L	terminal.svg
apps/scalable/xfce4-calculator-plugin.svg	L	calc.svg
apps/scalable/xfce4-clock.svg	L	preferences-system-time.svg
apps/scalable/xfce4-cpugraph-plugin.svg	L	utilities-system-monitor.svg
apps/scalable/xfce4-fsguard-plugin.svg	L	gnome-disks.svg
apps/scalable/xfce4-mcs-manager.svg	L	preferences-system.svg
apps/scalable/xfce4-settings.svg	L	preferences-system.svg
apps/scalable/xfce4-terminal.svg	L	terminal.svg
apps/scalable/xfce4-timer-plugin.svg	L	preferences-system-time.svg
apps/scalable/xfce4-timer.svg	L	preferences-system-time.svg
apps/scalable/xfce4-weather.svg	L	indicator-weather.svg
apps/scalable/xfmail.svg	L	internet-mail.svg
apps/scalable/xfp.svg	L	file-roller.svg
apps/scalable/ximian-evolution-calendar.svg	L	calendar.svg
apps/scalable/ximian-evolution-email.svg	L	internet-mail.svg
apps/scalable/xterm_32x32.svg	L	terminal.svg
apps/scalable/xterm_48x48.svg	L	terminal.svg
apps/scalable/xterminator.svg	L	terminal.svg
apps/scalable/yast-hardware.svg	L	hwinfo.svg
apps/scalable/yast-hwinfo.svg	L	hwinfo.svg
apps/scalable/yast-inetd.svg	L	web-browser.svg
apps/scalable/yast-ldap-kerberos.svg	L	addressbook.svg
apps/scalable/yast-mail.svg	L	internet-mail.svg
apps/scalable/yast-powertweak.svg	L	preferences-system.svg
apps/scalable/yast-software.svg	L	softwarecenter.svg
apps/scalable/yast-sw_single.svg	L	softwarecenter.svg
apps/scalable/yast-sw_source.svg	L	softwarecenter.svg
apps/scalable/yast-timezone.svg	L	preferences-system-time.svg
apps/scalable/yumex-dnf.svg	L	softwarecenter.svg
apps/scalable/yumex.svg	L	softwarecenter.svg
apps/scalable/zeroinstall.svg	L	softwarecenter.svg
devices/symbolic/input-keyboard-symbolic.svg	F	parchaos-keyboard-symbolic.svg
devices/symbolic/xsi-input-keyboard-symbolic.svg	L	input-keyboard-symbolic.svg
emblems/16/emblem-music-symbolic.svg	L	../../places/16/folder-sound.svg
mimes/16/inode-directory.svg	L	../../places/16/folder.svg
mimes/22/inode-directory.svg	L	../../places/22/folder.svg
mimes/scalable/7zip.svg	L	application-7zip.svg
mimes/scalable/android-package-archive.svg	F	parchaos-mime-package.svg
mimes/scalable/application-7zip.svg	L	application-x-7z-compressed.svg
mimes/scalable/application-acad.svg	L	model.svg
mimes/scalable/application-apk.svg	F	parchaos-mime-package.svg
mimes/scalable/application-appinstaller.svg	L	application-software.svg
mimes/scalable/application-appx.svg	L	application-software.svg
mimes/scalable/application-appxbundle.svg	L	application-software.svg
mimes/scalable/application-archive-blank.svg	L	application-archive.svg
mimes/scalable/application-archive-zip.svg	L	application-7zip.svg
mimes/scalable/application-archive.svg	L	package-x-generic.svg
mimes/scalable/application-ascii.svg	F	parchaos-mime-text.svg
mimes/scalable/application-atom+xml.svg	L	application-rss_xml.svg
mimes/scalable/application-audio-playlist.svg	F	parchaos-mime-audio.svg
mimes/scalable/application-audio.svg	F	parchaos-mime-audio.svg
mimes/scalable/application-autocad_dwg.svg	L	model.svg
mimes/scalable/application-blank.svg	F	parchaos-mime-text.svg
mimes/scalable/application-certificate.svg	F	parchaos-mime-certificate.svg
mimes/scalable/application-clariscad.svg	L	model.svg
mimes/scalable/application-com.github.phase1geo.minder.svg	F	parchaos-mime-document.svg
mimes/scalable/application-database.svg	L	application-vnd.oasis.opendocument.database.svg
mimes/scalable/application-dicom.svg	F	parchaos-mime-image.svg
mimes/scalable/application-docbook+xml.svg	L	application-info.svg
mimes/scalable/application-document-blank.svg	L	application-document.svg
mimes/scalable/application-document-template.svg	F	parchaos-mime-document.svg
mimes/scalable/application-document.svg	F	parchaos-mime-document.svg
mimes/scalable/application-drawing-template.svg	F	parchaos-mime-image.svg
mimes/scalable/application-drawing.svg	L	application-vnd.oasis.opendocument.graphics.svg
mimes/scalable/application-dwg.svg	L	model.svg
mimes/scalable/application-dxf.svg	L	model.svg
mimes/scalable/application-epub+zip.svg	F	parchaos-mime-archive.svg
mimes/scalable/application-excel.svg	L	application-msexcel.svg
mimes/scalable/application-ffDiaporama.svg	L	application-images.svg
mimes/scalable/application-fits.svg	L	application-images.svg
mimes/scalable/application-flash.svg	L	application-x-flash-video.svg
mimes/scalable/application-font-snf.svg	L	application-font.svg
mimes/scalable/application-font-woff.svg	L	application-x-font-ttf.svg
mimes/scalable/application-font.svg	L	font-x-generic.svg
mimes/scalable/application-geo+json.svg	L	application-x-osm+xml.svg
mimes/scalable/application-gml+xml.svg	L	application-x-osm+xml.svg
mimes/scalable/application-gnunet-directory.svg	L	application-x-sharedlib.svg
mimes/scalable/application-gpx+xml.svg	L	application-x-osm+xml.svg
mimes/scalable/application-gpx.svg	L	application-x-osm+xml.svg
mimes/scalable/application-gzip.svg	L	application-x-gzip.svg
mimes/scalable/application-illustrator.svg	F	parchaos-mime-image.svg
mimes/scalable/application-image-bmp.svg	F	parchaos-mime-image.svg
mimes/scalable/application-image-gif.svg	F	parchaos-mime-image.svg
mimes/scalable/application-image-ico.svg	F	parchaos-mime-image.svg
mimes/scalable/application-image-jpg.svg	F	parchaos-mime-image.svg
mimes/scalable/application-image-png.svg	L	image-png.svg
mimes/scalable/application-image-psd.svg	L	application-photoshop.svg
mimes/scalable/application-image-tga.svg	F	parchaos-mime-image.svg
mimes/scalable/application-image-tiff.svg	F	parchaos-mime-image.svg
mimes/scalable/application-images.svg	L	image-x-generic.svg
mimes/scalable/application-info.svg	F	parchaos-mime-text.svg
mimes/scalable/application-install.svg	L	gnome-mime-x-install.svg
mimes/scalable/application-java.svg	L	text-x-java.svg
mimes/scalable/application-javascript.svg	L	text-x-javascript.svg
mimes/scalable/application-json.svg	F	parchaos-mime-code.svg
mimes/scalable/application-ld+json.svg	L	text-rdf.svg
mimes/scalable/application-loc+xml.svg	L	application-x-osm+xml.svg
mimes/scalable/application-mac-binhex40.svg	L	application-x-macbinary.svg
mimes/scalable/application-mathematica.svg	F	parchaos-mime-code.svg
mimes/scalable/application-mathml+xml.svg	L	application-vnd.oasis.opendocument.formula.svg
mimes/scalable/application-mbox.svg	F	parchaos-mime-mail.svg
mimes/scalable/application-metalink+xml.svg	L	application-xml.svg
mimes/scalable/application-metalink4+xml.svg	L	application-xml.svg
mimes/scalable/application-msexcel.svg	L	x-office-spreadsheet.svg
mimes/scalable/application-msix.svg	L	application-software.svg
mimes/scalable/application-msixbundle.svg	L	application-software.svg
mimes/scalable/application-msonenote.svg	F	parchaos-mime-document.svg
mimes/scalable/application-msoutlook.svg	F	parchaos-mime-mail.svg
mimes/scalable/application-mspowerpoint.svg	L	x-office-presentation.svg
mimes/scalable/application-msword-template.svg	F	parchaos-mime-document.svg
mimes/scalable/application-msword.svg	L	x-office-document.svg
mimes/scalable/application-music-blank.svg	L	application-audio.svg
mimes/scalable/application-music-playlist-blank.svg	L	application-audio-playlist.svg
mimes/scalable/application-mxf.svg	L	application-video.svg
mimes/scalable/application-octet-stream.svg	F	parchaos-mime-generic.svg
mimes/scalable/application-oebps-package+xml.svg	L	application-epub+zip.svg
mimes/scalable/application-ogg.svg	F	parchaos-mime-audio.svg
mimes/scalable/application-ovf.svg	F	parchaos-mime-disk.svg
mimes/scalable/application-owl+xml.svg	L	application-xml.svg
mimes/scalable/application-pdf.svg	F	parchaos-mime-pdf.svg
mimes/scalable/application-pgp-encrypted.svg	L	application-pgp.svg
mimes/scalable/application-pgp-keys.svg	L	application-x-pem-key.svg
mimes/scalable/application-pgp-signature.svg	F	parchaos-mime-certificate.svg
mimes/scalable/application-pgp.svg	F	parchaos-mime-certificate.svg
mimes/scalable/application-photoshop.svg	F	parchaos-mime-image.svg
mimes/scalable/application-pkcs10.svg	L	application-pkix-cert.svg
mimes/scalable/application-pkcs12.svg	L	application-pkix-cert.svg
mimes/scalable/application-pkcs7-mime.svg	L	application-x-pem-key.svg
mimes/scalable/application-pkcs7-signature.svg	L	application-pgp-signature.svg
mimes/scalable/application-pkcs8+pem.svg	L	application-pgp-keys.svg
mimes/scalable/application-pkcs8.svg	L	application-pgp-keys.svg
mimes/scalable/application-pkix-cerl.svg	L	application-certificate.svg
mimes/scalable/application-pkix-cert+pem.svg	L	application-certificate.svg
mimes/scalable/application-pkix-cert.svg	L	application-certificate.svg
mimes/scalable/application-pkix-crl.svg	L	text-x-generic.svg
mimes/scalable/application-pkix-pkipath.svg	L	text-x-generic.svg
mimes/scalable/application-postscript.svg	F	parchaos-mime-pdf.svg
mimes/scalable/application-presentation-template.svg	F	parchaos-mime-presentation.svg
mimes/scalable/application-presentation.svg	L	application-vnd.ms-powerpoint.svg
mimes/scalable/application-ram.svg	L	video-x-generic.svg
mimes/scalable/application-rdata.svg	L	text-x-r.svg
mimes/scalable/application-rdf+xml.svg	L	text-rdf.svg
mimes/scalable/application-relaxng.svg	L	text-html.svg
mimes/scalable/application-rnote.svg	F	parchaos-mime-document.svg
mimes/scalable/application-rss+xml.svg	L	application-rss_xml.svg
mimes/scalable/application-rss.svg	L	application-rss_xml.svg
mimes/scalable/application-rss_xml.svg	F	parchaos-mime-web.svg
mimes/scalable/application-rtf-rtl.svg	L	x-office-document.svg
mimes/scalable/application-rtf.svg	L	x-office-document.svg
mimes/scalable/application-script-blank.svg	F	parchaos-mime-code.svg
mimes/scalable/application-shorten.svg	L	audio-x-flac.svg
mimes/scalable/application-slf+xml.svg	L	application-x-osm+xml.svg
mimes/scalable/application-software.svg	F	parchaos-mime-package.svg
mimes/scalable/application-sql.svg	F	parchaos-mime-database.svg
mimes/scalable/application-sxw.svg	L	x-office-document.svg
mimes/scalable/application-table-template.svg	F	parchaos-mime-spreadsheet.svg
mimes/scalable/application-table.svg	L	application-vnd.ms-excel.svg
mimes/scalable/application-tcx+xml.svg	L	application-x-osm+xml.svg
mimes/scalable/application-text-template.svg	F	parchaos-mime-text.svg
mimes/scalable/application-text.svg	L	text-plain.svg
mimes/scalable/application-toml.svg	F	parchaos-mime-code.svg
mimes/scalable/application-torrent.svg	F	parchaos-mime-archive.svg
mimes/scalable/application-users.svg	F	parchaos-mime-contact.svg
mimes/scalable/application-vector-template.svg	F	parchaos-mime-image.svg
mimes/scalable/application-vector.svg	F	parchaos-mime-image.svg
mimes/scalable/application-vestor.svg	L	application-vector.svg
mimes/scalable/application-video.svg	L	video-x-generic.svg
mimes/scalable/application-vnd-google-earth-kml.svg	L	application-vnd.google-earth.kml.svg
mimes/scalable/application-vnd.adobe.illustrator.svg	L	application-vector.svg
mimes/scalable/application-vnd.amazon.mobi8-ebook.svg	L	application-x-mobi8-ebook.svg
mimes/scalable/application-vnd.android.package-archive.svg	L	android-package-archive.svg
mimes/scalable/application-vnd.ant.fit.svg	L	application-x-osm+xml.svg
mimes/scalable/application-vnd.appimage.svg	F	parchaos-mime-package.svg
mimes/scalable/application-vnd.coffeescript.svg	F	parchaos-mime-code.svg
mimes/scalable/application-vnd.comicbook+zip.svg	L	application-x-mobi8-ebook.svg
mimes/scalable/application-vnd.comicbook-rar.svg	L	application-vnd.comicbook+zip.svg
mimes/scalable/application-vnd.corel-draw.svg	L	application-vector.svg
mimes/scalable/application-vnd.cups-pdf-banner.svg	L	text-x-preview.svg
mimes/scalable/application-vnd.cups-ppd.svg	L	text-x-makefile.svg
mimes/scalable/application-vnd.debian.binary-package.svg	L	application-x-deb.svg
mimes/scalable/application-vnd.efi.img.svg	L	application-vnd.efi.iso.svg
mimes/scalable/application-vnd.efi.iso.svg	F	parchaos-mime-disk.svg
mimes/scalable/application-vnd.fai.igc.svg	L	application-x-osm+xml.svg
mimes/scalable/application-vnd.fastcopy-disk-image.svg	L	application-x-cd-image.svg
mimes/scalable/application-vnd.flatpak.ref.svg	F	parchaos-mime-package.svg
mimes/scalable/application-vnd.flatpak.repo.svg	L	application-vnd.flatpak.svg
mimes/scalable/application-vnd.flatpak.svg	F	parchaos-mime-package.svg
mimes/scalable/application-vnd.geo+json.svg	L	application-geo+json.svg
mimes/scalable/application-vnd.geogebra.file.svg	F	parchaos-mime-document.svg
mimes/scalable/application-vnd.google-apps.document.svg	L	x-office-document.svg
mimes/scalable/application-vnd.google-apps.map.svg	L	application-geo+json.svg
mimes/scalable/application-vnd.google-apps.spreadsheet.svg	L	x-office-spreadsheet.svg
mimes/scalable/application-vnd.google-earth.kml+xml.svg	L	application-x-osm+xml.svg
mimes/scalable/application-vnd.google-earth.kml.svg	L	application-x-osm+xml.svg
mimes/scalable/application-vnd.google-earth.kmz.svg	L	application-x-osm+xml.svg
mimes/scalable/application-vnd.iccprofile.svg	F	parchaos-mime-generic.svg
mimes/scalable/application-vnd.insync.link.drive.doc.svg	L	x-office-document.svg
mimes/scalable/application-vnd.insync.link.drive.draw.svg	L	gddraw.svg
mimes/scalable/application-vnd.insync.link.drive.form.svg	L	gdform.svg
mimes/scalable/application-vnd.insync.link.drive.link.svg	L	gdlink.svg
mimes/scalable/application-vnd.insync.link.drive.note.svg	L	gdnote.svg
mimes/scalable/application-vnd.insync.link.drive.script.svg	L	gdscript.svg
mimes/scalable/application-vnd.insync.link.drive.sheet.svg	L	x-office-spreadsheet.svg
mimes/scalable/application-vnd.insync.link.drive.slides.svg	L	x-office-presentation.svg
mimes/scalable/application-vnd.kde.bluedevil-sendfile.svg	F	parchaos-mime-generic.svg
mimes/scalable/application-vnd.kde.fontspackage.svg	L	application-x-compress.svg
mimes/scalable/application-vnd.kde.kleopatra.keygroup.svg	L	application-certificate.svg
mimes/scalable/application-vnd.kde.kphotoalbum-import.svg	L	image-x-generic.svg
mimes/scalable/application-vnd.kde.kxmlguirc.svg	L	text-xml.svg
mimes/scalable/application-vnd.kde.okular-archive.svg	L	application-x-compress.svg
mimes/scalable/application-vnd.microsoft.portable-executable.svg	F	parchaos-mime-package.svg
mimes/scalable/application-vnd.ms-access.svg	F	parchaos-mime-database.svg
mimes/scalable/application-vnd.ms-asf.svg	L	playlist.svg
mimes/scalable/application-vnd.ms-cab-compressed.svg	F	parchaos-mime-archive.svg
mimes/scalable/application-vnd.ms-database.svg	L	application-sql.svg
mimes/scalable/application-vnd.ms-excel.addin.macroenabled.12.svg	L	x-office-spreadsheet.svg
mimes/scalable/application-vnd.ms-excel.sheet.binary.macroenabled.12.svg	L	application-vnd.ms-excel.addin.macroenabled.12.svg
mimes/scalable/application-vnd.ms-excel.sheet.macroEnabled.12.svg	L	wps-office-xls.svg
mimes/scalable/application-vnd.ms-excel.sheet.macroenabled.12.svg	L	application-vnd.ms-excel.addin.macroenabled.12.svg
mimes/scalable/application-vnd.ms-excel.svg	F	parchaos-mime-spreadsheet.svg
mimes/scalable/application-vnd.ms-excel.template.macroenabled.12.svg	F	parchaos-mime-spreadsheet.svg
mimes/scalable/application-vnd.ms-htmlhelp.svg	F	parchaos-mime-web.svg
mimes/scalable/application-vnd.ms-infopath.svg	F	parchaos-mime-text.svg
mimes/scalable/application-vnd.ms-powerpoint.addin.macroenabled.12.svg	L	x-office-presentation.svg
mimes/scalable/application-vnd.ms-powerpoint.presentation.macroEnabled.12.svg	L	application-vnd.ms-powerpoint.addin.macroenabled.12.svg
mimes/scalable/application-vnd.ms-powerpoint.presentation.macroenabled.12.svg	L	application-vnd.ms-powerpoint.addin.macroenabled.12.svg
mimes/scalable/application-vnd.ms-powerpoint.slide.macroenabled.12.svg	L	application-vnd.ms-powerpoint.addin.macroenabled.12.svg
mimes/scalable/application-vnd.ms-powerpoint.slideshow.macroenabled.12.svg	L	application-vnd.ms-powerpoint.addin.macroenabled.12.svg
mimes/scalable/application-vnd.ms-powerpoint.svg	F	parchaos-mime-presentation.svg
mimes/scalable/application-vnd.ms-powerpoint.template.macroenabled.12.svg	F	parchaos-mime-presentation.svg
mimes/scalable/application-vnd.ms-project.svg	L	x-office-document.svg
mimes/scalable/application-vnd.ms-publisher.svg	F	parchaos-mime-document.svg
mimes/scalable/application-vnd.ms-tnef.svg	L	x-office-document.svg
mimes/scalable/application-vnd.ms-visio.drawing.main+xml.svg	L	application-drawing.svg
mimes/scalable/application-vnd.ms-visio.stencil.main+xml.svg	L	application-drawing-template.svg
mimes/scalable/application-vnd.ms-visio.template.main+xml.svg	L	application-drawing-template.svg
mimes/scalable/application-vnd.ms-word.document.macroEnabled.12.svg	L	wps-office-doc.svg
mimes/scalable/application-vnd.ms-word.document.macroenabled.12.svg	L	application-msword.svg
mimes/scalable/application-vnd.ms-word.svg	F	parchaos-mime-document.svg
mimes/scalable/application-vnd.ms-word.template.macroenabled.12.svg	L	application-msword-template.svg
mimes/scalable/application-vnd.ms-wpl.svg	L	playlist.svg
mimes/scalable/application-vnd.msa-disk-image.svg	L	application-x-cd-image.svg
mimes/scalable/application-vnd.nmea.nmea.svg	L	application-x-osm+xml.svg
mimes/scalable/application-vnd.nokia.xml.qt.resource.svg	F	parchaos-mime-code.svg
mimes/scalable/application-vnd.oasis.opendocument.chart-template.svg	F	parchaos-mime-document.svg
mimes/scalable/application-vnd.oasis.opendocument.chart.svg	F	parchaos-mime-document.svg
mimes/scalable/application-vnd.oasis.opendocument.database.svg	L	application-sql.svg
mimes/scalable/application-vnd.oasis.opendocument.draw.template.svg	L	application-vnd.sun.xml.draw.template.svg
mimes/scalable/application-vnd.oasis.opendocument.drawing-template.svg	L	x-office-drawing.svg
mimes/scalable/application-vnd.oasis.opendocument.drawing.svg	L	x-office-drawing.svg
mimes/scalable/application-vnd.oasis.opendocument.drawing.template.svg	L	application-vnd.oasis.opendocument.draw.template.svg
mimes/scalable/application-vnd.oasis.opendocument.formula-template.svg	F	parchaos-mime-document.svg
mimes/scalable/application-vnd.oasis.opendocument.formula.svg	F	parchaos-mime-document.svg
mimes/scalable/application-vnd.oasis.opendocument.graphics-template.svg	L	application-vnd.oasis.opendocument.graphics.svg
mimes/scalable/application-vnd.oasis.opendocument.graphics.svg	L	x-office-drawing.svg
mimes/scalable/application-vnd.oasis.opendocument.image-template.svg	L	application-drawing-template.svg
mimes/scalable/application-vnd.oasis.opendocument.image.svg	L	x-office-drawing.svg
mimes/scalable/application-vnd.oasis.opendocument.master-document.svg	L	x-office-document.svg
mimes/scalable/application-vnd.oasis.opendocument.presentation-template.svg	F	parchaos-mime-presentation.svg
mimes/scalable/application-vnd.oasis.opendocument.presentation.svg	L	x-office-presentation.svg
mimes/scalable/application-vnd.oasis.opendocument.spreadsheet-template.svg	F	parchaos-mime-spreadsheet.svg
mimes/scalable/application-vnd.oasis.opendocument.spreadsheet.svg	L	x-office-spreadsheet.svg
mimes/scalable/application-vnd.oasis.opendocument.text-master.svg	L	x-office-document.svg
mimes/scalable/application-vnd.oasis.opendocument.text-rtl.svg	L	x-office-document.svg
mimes/scalable/application-vnd.oasis.opendocument.text-template.svg	F	parchaos-mime-document.svg
mimes/scalable/application-vnd.oasis.opendocument.text-web-template.svg	L	application-web-template.svg
mimes/scalable/application-vnd.oasis.opendocument.text-web.svg	L	text-html.svg
mimes/scalable/application-vnd.oasis.opendocument.text.svg	L	x-office-document.svg
mimes/scalable/application-vnd.oasis.opendocument.web-template.svg	F	parchaos-mime-document.svg
mimes/scalable/application-vnd.openofficeorg.extension.svg	L	libreoffice-extension.svg
mimes/scalable/application-vnd.openxmlformats-officedocument.presentationml.presentation.svg	L	x-office-presentation.svg
mimes/scalable/application-vnd.openxmlformats-officedocument.presentationml.slideshow.svg	L	x-office-presentation.svg
mimes/scalable/application-vnd.openxmlformats-officedocument.presentationml.template.svg	L	x-office-presentation.svg
mimes/scalable/application-vnd.openxmlformats-officedocument.spreadsheetml.sheet.svg	L	application-vnd.oasis.opendocument.spreadsheet.svg
mimes/scalable/application-vnd.openxmlformats-officedocument.spreadsheetml.template.svg	F	parchaos-mime-spreadsheet.svg
mimes/scalable/application-vnd.openxmlformats-officedocument.wordprocessingml.document.svg	L	application-msword.svg
mimes/scalable/application-vnd.openxmlformats-officedocument.wordprocessingml.template.svg	F	parchaos-mime-document.svg
mimes/scalable/application-vnd.oziexplorer.plt.svg	L	application-x-osm+xml.svg
mimes/scalable/application-vnd.oziexplorer.rte.svg	L	application-x-osm+xml.svg
mimes/scalable/application-vnd.oziexplorer.wpt.svg	L	application-x-osm+xml.svg
mimes/scalable/application-vnd.palm.svg	L	x-office-document.svg
mimes/scalable/application-vnd.rar.svg	L	application-x-tar.svg
mimes/scalable/application-vnd.recordare.musicxml+xml.svg	L	text-x-lilypond.svg
mimes/scalable/application-vnd.recordare.musicxml.svg	L	text-x-lilypond.svg
mimes/scalable/application-vnd.rn-realmedia.svg	L	video-x-generic.svg
mimes/scalable/application-vnd.scribus.svg	F	parchaos-mime-document.svg
mimes/scalable/application-vnd.snap.svg	F	parchaos-mime-package.svg
mimes/scalable/application-vnd.sqlite3.svg	L	application-vnd.oasis.opendocument.database.svg
mimes/scalable/application-vnd.squashfs.svg	L	application-x-iso.svg
mimes/scalable/application-vnd.stardivision.cal.svg	L	x-office-spreadsheet.svg
mimes/scalable/application-vnd.stardivision.calc.svg	L	x-office-spreadsheet.svg
mimes/scalable/application-vnd.stardivision.draw.svg	L	x-office-drawing.svg
mimes/scalable/application-vnd.stardivision.mail.svg	L	message-rfc822.svg
mimes/scalable/application-vnd.stardivision.math.svg	L	application-vnd.oasis.opendocument.formula.svg
mimes/scalable/application-vnd.sun.xml.base.svg	L	application-vnd.oasis.opendocument.database.svg
mimes/scalable/application-vnd.sun.xml.calc.svg	L	x-office-spreadsheet.svg
mimes/scalable/application-vnd.sun.xml.calc.template.svg	L	application-vnd.oasis.opendocument.spreadsheet-template.svg
mimes/scalable/application-vnd.sun.xml.draw.svg	L	x-office-drawing.svg
mimes/scalable/application-vnd.sun.xml.draw.template.svg	L	x-office-drawing.svg
mimes/scalable/application-vnd.sun.xml.impress.png.svg	L	./application-vnd.sun.xml.impress.svg
mimes/scalable/application-vnd.sun.xml.impress.svg	L	x-office-presentation.svg
mimes/scalable/application-vnd.sun.xml.impress.template.svg	L	application-vnd.oasis.opendocument.presentation-template.svg
mimes/scalable/application-vnd.sun.xml.math.svg	L	application-vnd.oasis.opendocument.formula.svg
mimes/scalable/application-vnd.sun.xml.wordperfect.svg	L	text-richtext.svg
mimes/scalable/application-vnd.sun.xml.writer-global.svg	L	application-vnd.sun.xml.writer.svg
mimes/scalable/application-vnd.sun.xml.writer-rtl.svg	L	application-vnd.sun.xml.writer.svg
mimes/scalable/application-vnd.sun.xml.writer-template.svg	L	application-vnd.sun.xml.writer.svg
mimes/scalable/application-vnd.sun.xml.writer.global.svg	L	x-office-document.svg
mimes/scalable/application-vnd.sun.xml.writer.png.svg	L	./application-vnd.sun.xml.writer.svg
mimes/scalable/application-vnd.sun.xml.writer.svg	L	x-office-document.svg
mimes/scalable/application-vnd.sun.xml.writer.template.svg	L	application-vnd.oasis.opendocument.text-template.svg
mimes/scalable/application-vnd.tcpdump.pcap.svg	L	text-x-hex.svg
mimes/scalable/application-vnd.visio.svg	F	parchaos-mime-image.svg
mimes/scalable/application-vnd.wap.wmlc.svg	L	application-x-mswinurl.svg
mimes/scalable/application-vnd.wap.xhtml+xml.svg	L	application-x-mswinurl.svg
mimes/scalable/application-vnd.wolfram.nb.svg	L	application-mathematica.svg
mimes/scalable/application-vnd.wordperfect-rtl.svg	L	x-office-document.svg
mimes/scalable/application-vnd.wordperfect.svg	L	x-office-document.svg
mimes/scalable/application-vnd.xdgapp.svg	L	application-vnd.flatpak.svg
mimes/scalable/application-web-template.svg	F	parchaos-mime-text.svg
mimes/scalable/application-winhlp.svg	L	application-vnd.ms-htmlhelp.svg
mimes/scalable/application-word-template.svg	F	parchaos-mime-document.svg
mimes/scalable/application-word.svg	L	application-vnd.ms-word.svg
mimes/scalable/application-wps-office.doc.svg	L	application-msword.svg
mimes/scalable/application-wps-office.docx.svg	L	application-msword.svg
mimes/scalable/application-wps-office.dot.svg	L	application-vnd.sun.xml.writer.svg
mimes/scalable/application-wps-office.dotx.svg	L	application-vnd.sun.xml.writer.svg
mimes/scalable/application-wps-office.pot.svg	L	application-vnd.ms-powerpoint.template.macroenabled.12.svg
mimes/scalable/application-wps-office.potx.svg	L	application-vnd.ms-powerpoint.template.macroenabled.12.svg
mimes/scalable/application-wps-office.ppt.svg	L	application-vnd.ms-powerpoint.addin.macroenabled.12.svg
mimes/scalable/application-wps-office.pptx.svg	L	application-vnd.ms-powerpoint.addin.macroenabled.12.svg
mimes/scalable/application-wps-office.wps.svg	L	x-office-document.svg
mimes/scalable/application-wps-office.wpt.svg	L	x-office-document.svg
mimes/scalable/application-wps-office.xls.svg	L	application-vnd.ms-excel.addin.macroenabled.12.svg
mimes/scalable/application-wps-office.xlsx.svg	L	application-vnd.ms-excel.addin.macroenabled.12.svg
mimes/scalable/application-wps-office.xlt.svg	L	application-vnd.ms-excel.template.macroenabled.12.svg
mimes/scalable/application-wps-office.xltx.svg	L	application-vnd.ms-excel.template.macroenabled.12.svg
mimes/scalable/application-x-5view.svg	L	text-x-hex.svg
mimes/scalable/application-x-7z-ace.svg	L	application-x-ace.svg
mimes/scalable/application-x-7z-arj.svg	L	application-x-arj.svg
mimes/scalable/application-x-7z-compressed-tar.svg	L	package-x-generic.svg
mimes/scalable/application-x-7z-compressed.svg	L	package-x-generic.svg
mimes/scalable/application-x-7zip.svg	L	application-x-7z-compressed.svg
mimes/scalable/application-x-abiword.svg	L	x-office-document.svg
mimes/scalable/application-x-acad.svg	L	model.svg
mimes/scalable/application-x-accountwizard-package.svg	L	text-x-authors.svg
mimes/scalable/application-x-ace.svg	F	parchaos-mime-archive.svg
mimes/scalable/application-x-addon.svg	F	parchaos-mime-package.svg
mimes/scalable/application-x-alpm-package.svg	F	parchaos-mime-package.svg
mimes/scalable/application-x-amiga-disk-format.svg	L	application-x-iso.svg
mimes/scalable/application-x-aportisdoc.svg	L	application-x-mobi8-ebook.svg
mimes/scalable/application-x-appimage.svg	L	application-x-iso9660-appimage.svg
mimes/scalable/application-x-appleworks-document.svg	L	application-word.svg
mimes/scalable/application-x-applix-spreadsheet.svg	L	x-office-spreadsheet.svg
mimes/scalable/application-x-applix-word.svg	L	x-office-document.svg
mimes/scalable/application-x-ar.svg	F	parchaos-mime-archive.svg
mimes/scalable/application-x-arc.svg	F	parchaos-mime-archive.svg
mimes/scalable/application-x-archive.svg	F	parchaos-mime-archive.svg
mimes/scalable/application-x-ardour.svg	L	text-x-lilypond.svg
mimes/scalable/application-x-arj.svg	F	parchaos-mime-archive.svg
mimes/scalable/application-x-asar.svg	L	application-archive.svg
mimes/scalable/application-x-audacity-project.svg	L	audio-x-generic.svg
mimes/scalable/application-x-autocad.svg	L	model.svg
mimes/scalable/application-x-awk.svg	L	text-x-script.svg
mimes/scalable/application-x-bat.svg	F	parchaos-mime-package.svg
mimes/scalable/application-x-bin.svg	L	application-x-cd-image.svg
mimes/scalable/application-x-bittorrent.svg	F	parchaos-mime-archive.svg
mimes/scalable/application-x-blender.svg	F	parchaos-mime-image.svg
mimes/scalable/application-x-bps-patch.svg	L	text-x-patch.svg
mimes/scalable/application-x-brasero.svg	L	application-x-cd-image.svg
mimes/scalable/application-x-bsdiff.svg	L	text-x-patch.svg
mimes/scalable/application-x-bzdvi.svg	F	parchaos-mime-pdf.svg
mimes/scalable/application-x-bzip-compressed-tar.svg	F	parchaos-mime-archive.svg
mimes/scalable/application-x-bzip-compressed.svg	L	application-x-bzip.svg
mimes/scalable/application-x-bzip.svg	F	parchaos-mime-archive.svg
mimes/scalable/application-x-bzip2-compressed-tar.svg	L	application-x-bzip-compressed-tar.svg
mimes/scalable/application-x-bzpdf.svg	L	application-pdf.svg
mimes/scalable/application-x-bzpostscript.svg	L	application-postscript.svg
mimes/scalable/application-x-cabri.svg	L	image-x-svg+xml.svg
mimes/scalable/application-x-cb7.svg	L	application-x-mobi8-ebook.svg
mimes/scalable/application-x-cba.svg	L	application-vnd.comicbook+zip.svg
mimes/scalable/application-x-cbr.svg	L	application-vnd.comicbook+zip.svg
mimes/scalable/application-x-cbt.svg	L	application-vnd.comicbook+zip.svg
mimes/scalable/application-x-cbz.svg	L	application-vnd.comicbook+zip.svg
mimes/scalable/application-x-ccf-container.svg	L	text-x-install.svg
mimes/scalable/application-x-cd-image.svg	F	parchaos-mime-disk.svg
mimes/scalable/application-x-cda.svg	L	application-x-cd-image.svg
mimes/scalable/application-x-chm.svg	F	parchaos-mime-document.svg
mimes/scalable/application-x-cisco-vpn-settings.svg	L	application-x-openvpn-profile.svg
mimes/scalable/application-x-class-file.svg	L	application-x-java.svg
mimes/scalable/application-x-clementine.svg	F	parchaos-mime-audio.svg
mimes/scalable/application-x-cmakecache.svg	L	text-x-makefile.svg
mimes/scalable/application-x-code-workspace.svg	F	parchaos-mime-code.svg
mimes/scalable/application-x-compress-tar.svg	L	application-x-compressed-tar.svg
mimes/scalable/application-x-compress.svg	L	package-x-generic.svg
mimes/scalable/application-x-compressed-iso.svg	L	application-x-cd-image.svg
mimes/scalable/application-x-compressed-tar.svg	F	parchaos-mime-archive.svg
mimes/scalable/application-x-compressed.svg	L	application-x-archive.svg
mimes/scalable/application-x-core.svg	L	text-x-generic.svg
mimes/scalable/application-x-cpio.svg	L	application-x-archive.svg
mimes/scalable/application-x-cue.svg	L	application-x-cd-image.svg
mimes/scalable/application-x-dbf.svg	L	application-vnd.oasis.opendocument.database.svg
mimes/scalable/application-x-deb.svg	F	parchaos-mime-package.svg
mimes/scalable/application-x-designer.svg	F	parchaos-mime-image.svg
mimes/scalable/application-x-desktop.svg	F	parchaos-mime-package.svg
mimes/scalable/application-x-dgn.svg	L	application-x-glade.svg
mimes/scalable/application-x-dia-diagram.svg	L	application-drawing.svg
mimes/scalable/application-x-dia-shape.svg	L	application-drawing.svg
mimes/scalable/application-x-dlc-container.svg	L	text-x-install.svg
mimes/scalable/application-x-drgeo.svg	L	image-x-svg+xml.svg
mimes/scalable/application-x-dvi.svg	L	text-x-tex.svg
mimes/scalable/application-x-dwg.svg	L	model.svg
mimes/scalable/application-x-e-theme.svg	L	text-x-generic.svg
mimes/scalable/application-x-egon.svg	L	image-x-generic.svg
mimes/scalable/application-x-etherpeek.svg	L	text-x-hex.svg
mimes/scalable/application-x-excel.svg	L	application-msexcel.svg
mimes/scalable/application-x-executable-script.svg	L	text-x-script.svg
mimes/scalable/application-x-executable.svg	F	parchaos-mime-package.svg
mimes/scalable/application-x-extension-eml.svg	L	text-x-generic.svg
mimes/scalable/application-x-extension-fcstd.svg	L	model.svg
mimes/scalable/application-x-extension-html.svg	L	text-html.svg
mimes/scalable/application-x-extension-rss.svg	L	application-xml.svg
mimes/scalable/application-x-fictionbook+xml.svg	F	parchaos-mime-code.svg
mimes/scalable/application-x-firmware.svg	F	parchaos-mime-package.svg
mimes/scalable/application-x-flash-video.svg	F	parchaos-mime-video.svg
mimes/scalable/application-x-font-afm.svg	L	font-x-generic.svg
mimes/scalable/application-x-font-bdf.svg	L	font-x-generic.svg
mimes/scalable/application-x-font-dos.svg	L	application-x-font-ttf.svg
mimes/scalable/application-x-font-framemaker.svg	L	application-x-font-ttf.svg
mimes/scalable/application-x-font-libgrx.svg	L	application-x-font-ttf.svg
mimes/scalable/application-x-font-linux-psf.svg	L	application-x-font-ttf.svg
mimes/scalable/application-x-font-otf.svg	L	font-x-generic.svg
mimes/scalable/application-x-font-pcf.svg	L	font-x-generic.svg
mimes/scalable/application-x-font-snf.svg	L	application-x-font-ttf.svg
mimes/scalable/application-x-font-speedo.svg	L	application-x-font-ttf.svg
mimes/scalable/application-x-font-sunos-news.svg	L	application-x-font-ttf.svg
mimes/scalable/application-x-font-tex-tfm.svg	L	application-x-font-ttf.svg
mimes/scalable/application-x-font-tex.svg	L	application-x-font-ttf.svg
mimes/scalable/application-x-font-ttf.svg	L	font.svg
mimes/scalable/application-x-font-ttx.svg	L	application-x-font-ttf.svg
mimes/scalable/application-x-font-type1.svg	L	font-x-generic.svg
mimes/scalable/application-x-font-vfont.svg	L	application-x-font-ttf.svg
mimes/scalable/application-x-freeplane.svg	F	parchaos-mime-document.svg
mimes/scalable/application-x-gambas3.svg	L	application-xml.svg
mimes/scalable/application-x-gambasscript.svg	L	application-xml.svg
mimes/scalable/application-x-gambasserverpage.svg	L	application-xml.svg
mimes/scalable/application-x-gamecube-rom48.svg	L	application-x-cd-image.svg
mimes/scalable/application-x-gdbm.svg	L	application-x-sqlite2.svg
mimes/scalable/application-x-gdscript.svg	F	parchaos-mime-code.svg
mimes/scalable/application-x-generic.svg	L	application-blank.svg
mimes/scalable/application-x-genesis-32x-rom.svg	L	application-x-genesis-rom.svg
mimes/scalable/application-x-genesis-rom.svg	L	application-x-cd-image.svg
mimes/scalable/application-x-gettext-translation.svg	L	text-x-gettext-translation.svg
mimes/scalable/application-x-glabels.svg	L	text-x-generic.svg
mimes/scalable/application-x-glade.svg	L	application-x-designer.svg
mimes/scalable/application-x-gnome-theme-package-rtl.svg	L	application-x-theme.svg
mimes/scalable/application-x-gnome-theme-package.svg	L	application-x-theme.svg
mimes/scalable/application-x-gnumeric.svg	L	x-office-spreadsheet.svg
mimes/scalable/application-x-godot-project.svg	F	parchaos-mime-code.svg
mimes/scalable/application-x-godot-resource.svg	F	parchaos-mime-code.svg
mimes/scalable/application-x-godot-scene.svg	F	parchaos-mime-code.svg
mimes/scalable/application-x-godot-shader.svg	F	parchaos-mime-code.svg
mimes/scalable/application-x-gpx+xml.svg	L	application-x-osm+xml.svg
mimes/scalable/application-x-gpx.svg	L	application-x-osm+xml.svg
mimes/scalable/application-x-grsync-session.svg	L	text-x-generic.svg
mimes/scalable/application-x-gtk-builder.svg	L	application-x-glade.svg
mimes/scalable/application-x-gtktalog.svg	L	application-xspf+xml.svg
mimes/scalable/application-x-gunmeric.svg	L	application-vnd.sun.xml.calc.svg
mimes/scalable/application-x-gz-font-linux-psf.svg	L	application-x-compress.svg
mimes/scalable/application-x-gzdvi.svg	L	application-x-archive.svg
mimes/scalable/application-x-gzip.svg	F	parchaos-mime-archive.svg
mimes/scalable/application-x-gzpdf.svg	L	application-pdf.svg
mimes/scalable/application-x-gzpostscript.svg	F	parchaos-mime-pdf.svg
mimes/scalable/application-x-icq.svg	L	text-x-generic.svg
mimes/scalable/application-x-iff.svg	L	application-x-zerosize.svg
mimes/scalable/application-x-img.svg	L	application-x-cd-image.svg
mimes/scalable/application-x-ips-patch.svg	L	text-x-patch.svg
mimes/scalable/application-x-iptrace.svg	L	text-x-hex.svg
mimes/scalable/application-x-iso.svg	L	application-x-cd-image.svg
mimes/scalable/application-x-iso9660-appimage.svg	L	application-vnd.appimage.svg
mimes/scalable/application-x-it87.svg	L	application-vnd.iccprofile.svg
mimes/scalable/application-x-jar.svg	L	application-x-java-archive.svg
mimes/scalable/application-x-java-applet.svg	L	application-x-java.svg
mimes/scalable/application-x-java-archive.svg	F	parchaos-mime-archive.svg
mimes/scalable/application-x-java-keystore.svg	L	application-pgp-keys.svg
mimes/scalable/application-x-java.svg	F	parchaos-mime-code.svg
mimes/scalable/application-x-javascript.svg	L	text-x-javascript.svg
mimes/scalable/application-x-jokosher.svg	L	audio-x-generic.svg
mimes/scalable/application-x-k3b.svg	L	application-x-cd-image.svg
mimes/scalable/application-x-kcachegrind.svg	L	multipart-encrypted.svg
mimes/scalable/application-x-kcsrc.svg	L	application-vnd.iccprofile.svg
mimes/scalable/application-x-kdenlive.svg	L	application-x-kdenlivetitle.svg
mimes/scalable/application-x-kdenlivetitle.svg	F	parchaos-mime-generic.svg
mimes/scalable/application-x-keepass.svg	L	application-pgp-encrypted.svg
mimes/scalable/application-x-keepass2.svg	L	application-pgp-encrypted.svg
mimes/scalable/application-x-keepassx.svg	L	application-pgp-encrypted.svg
mimes/scalable/application-x-keepassxc.svg	L	application-pgp-encrypted.svg
mimes/scalable/application-x-kexi-connectiondata.svg	F	parchaos-mime-database.svg
mimes/scalable/application-x-kexiproject-shortcut.svg	F	parchaos-mime-database.svg
mimes/scalable/application-x-kexiproject-sqlite.svg	L	application-vnd.oasis.opendocument.database.svg
mimes/scalable/application-x-kexiproject-sqlite2.svg	L	application-vnd.oasis.opendocument.database.svg
mimes/scalable/application-x-kexiproject-sqlite3.svg	L	application-vnd.oasis.opendocument.database.svg
mimes/scalable/application-x-kformula.svg	L	application-vnd.oasis.opendocument.formula.svg
mimes/scalable/application-x-kgeo.svg	L	application-x-zerosize.svg
mimes/scalable/application-x-kgetlist.svg	L	application-x-bittorrent.svg
mimes/scalable/application-x-khtml-adaptor.svg	L	extension.svg
mimes/scalable/application-x-kig.svg	L	image-x-svg+xml.svg
mimes/scalable/application-x-kmplot.svg	L	application-x-zerosize.svg
mimes/scalable/application-x-kmymoney.svg	F	parchaos-mime-document.svg
mimes/scalable/application-x-kns.svg	L	application-x-compress.svg
mimes/scalable/application-x-kolf.svg	L	application-x-zerosize.svg
mimes/scalable/application-x-kommander.svg	L	application-x-zerosize.svg
mimes/scalable/application-x-kontour.svg	L	x-office-drawing.svg
mimes/scalable/application-x-kontur.svg	L	image-x-svg+xml.svg
mimes/scalable/application-x-kopete-emoticons.svg	L	application-x-zerosize.svg
mimes/scalable/application-x-kourse.svg	L	application-x-zerosize.svg
mimes/scalable/application-x-kover.svg	L	application-x-zerosize.svg
mimes/scalable/application-x-kplato.svg	F	parchaos-mime-document.svg
mimes/scalable/application-x-kpresenter.svg	L	x-office-presentation.svg
mimes/scalable/application-x-krita-assistant.svg	L	application-x-krita.svg
mimes/scalable/application-x-krita-paintoppresent.svg	L	application-x-krita.svg
mimes/scalable/application-x-krita.svg	L	image-x-generic.svg
mimes/scalable/application-x-kseg.svg	L	x-office-document.svg
mimes/scalable/application-x-ksysguard.svg	L	application-x-zerosize.svg
mimes/scalable/application-x-ktheme.svg	L	application-x-plasma.svg
mimes/scalable/application-x-kudesigner.svg	L	x-office-document.svg
mimes/scalable/application-x-kva.svg	L	extension.svg
mimes/scalable/application-x-kvs.svg	L	text-x-script.svg
mimes/scalable/application-x-kvtml.svg	F	parchaos-mime-document.svg
mimes/scalable/application-x-kwallet.svg	L	text-x-hex.svg
mimes/scalable/application-x-kword.svg	L	x-office-document.svg
mimes/scalable/application-x-kwordquiz.svg	L	x-office-document.svg
mimes/scalable/application-x-labplot2.svg	F	parchaos-mime-document.svg
mimes/scalable/application-x-lanalyzer.svg	L	text-x-hex.svg
mimes/scalable/application-x-lha.svg	L	application-x-compressed-tar.svg
mimes/scalable/application-x-lhz.svg	L	application-x-archive.svg
mimes/scalable/application-x-linguist.svg	L	text-vnd.trolltech.linguist.svg
mimes/scalable/application-x-lmms-project.svg	L	text-x-lilypond.svg
mimes/scalable/application-x-lrzip-compressed-tar.svg	F	parchaos-mime-archive.svg
mimes/scalable/application-x-lrzip.svg	F	parchaos-mime-archive.svg
mimes/scalable/application-x-lyx.svg	L	text-richtext.svg
mimes/scalable/application-x-lz4-compressed-tar.svg	L	application-x-tar.svg
mimes/scalable/application-x-lz4.svg	L	application-archive.svg
mimes/scalable/application-x-lzip-compressed-tar.svg	L	application-x-tar.svg
mimes/scalable/application-x-lzip.svg	F	parchaos-mime-archive.svg
mimes/scalable/application-x-lzma-compressed-tar.svg	F	parchaos-mime-archive.svg
mimes/scalable/application-x-lzma.svg	L	application-x-lzma-compressed-tar.svg
mimes/scalable/application-x-lzop.svg	F	parchaos-mime-archive.svg
mimes/scalable/application-x-lzpdf.svg	L	application-pdf.svg
mimes/scalable/application-x-m4.svg	L	text-x-script.svg
mimes/scalable/application-x-macbinary.svg	F	parchaos-mime-package.svg
mimes/scalable/application-x-maff.svg	L	application-x-mswinurl.svg
mimes/scalable/application-x-marble.svg	F	parchaos-mime-generic.svg
mimes/scalable/application-x-mathematica.svg	L	application-mathematica.svg
mimes/scalable/application-x-matroska.svg	L	video-x-generic.svg
mimes/scalable/application-x-mif.svg	L	video-x-generic.svg
mimes/scalable/application-x-mimearchive.svg	L	text-html.svg
mimes/scalable/application-x-mobi8-ebook.svg	L	application-x-mobipocket-ebook.svg
mimes/scalable/application-x-mobipocket-ebook.svg	F	parchaos-mime-document.svg
mimes/scalable/application-x-model.svg	L	application-x-blender.svg
mimes/scalable/application-x-mplayer2.svg	L	video-x-generic.svg
mimes/scalable/application-x-ms-dos-executable.svg	F	parchaos-mime-package.svg
mimes/scalable/application-x-ms-shortcut.svg	F	parchaos-mime-package.svg
mimes/scalable/application-x-ms-wim.svg	F	parchaos-mime-disk.svg
mimes/scalable/application-x-msdownload.svg	F	parchaos-mime-package.svg
mimes/scalable/application-x-msexcel.svg	L	application-msexcel.svg
mimes/scalable/application-x-msi.svg	L	application-x-ms-dos-executable.svg
mimes/scalable/application-x-mswinurl.svg	L	text-html.svg
mimes/scalable/application-x-mswrite.svg	L	x-office-document.svg
mimes/scalable/application-x-musescore+xml.svg	L	text-x-lilypond.svg
mimes/scalable/application-x-musescore.svg	L	text-x-lilypond.svg
mimes/scalable/application-x-navi-animation.svg	L	application-x-zerosize.svg
mimes/scalable/application-x-netinstobserver.svg	L	text-x-hex.svg
mimes/scalable/application-x-nettl.svg	L	text-x-hex.svg
mimes/scalable/application-x-nzb.svg	L	x-office-contact.svg
mimes/scalable/application-x-object.svg	F	parchaos-mime-package.svg
mimes/scalable/application-x-ole-storage.svg	L	multipart-encrypted.svg
mimes/scalable/application-x-openvpn-profile.svg	F	parchaos-mime-generic.svg
mimes/scalable/application-x-osm+xml.svg	F	parchaos-mime-code.svg
mimes/scalable/application-x-pak.svg	L	package-x-generic.svg
mimes/scalable/application-x-partial-download.svg	F	parchaos-mime-package.svg
mimes/scalable/application-x-patch.svg	L	text-x-patch.svg
mimes/scalable/application-x-pcapng.svg	L	text-x-hex.svg
mimes/scalable/application-x-pcbcalculator-project.svg	L	text-mathml.svg
mimes/scalable/application-x-pem-file.svg	L	application-pgp-keys.svg
mimes/scalable/application-x-pem-key.svg	F	parchaos-mime-certificate.svg
mimes/scalable/application-x-perl.svg	F	parchaos-mime-code.svg
mimes/scalable/application-x-php.svg	L	text-x-php.svg
mimes/scalable/application-x-pkcs12.svg	L	application-certificate.svg
mimes/scalable/application-x-pkcs7-certificates.svg	L	application-certificate.svg
mimes/scalable/application-x-planner.svg	L	x-office-document.svg
mimes/scalable/application-x-plasma.svg	F	parchaos-mime-package.svg
mimes/scalable/application-x-powershell.svg	L	text-x-script.svg
mimes/scalable/application-x-project.svg	L	x-office-document.svg
mimes/scalable/application-x-ptoptimizer-script.svg	L	text-x-script.svg
mimes/scalable/application-x-pyspread-bz-spreadsheet.svg	L	application-table.svg
mimes/scalable/application-x-pyspread-spreadsheet.svg	L	application-table.svg
mimes/scalable/application-x-python-bytecode.svg	L	text-x-python.svg
mimes/scalable/application-x-qemu-disk.svg	L	application-x-cd-image.svg
mimes/scalable/application-x-qet-element.svg	L	text-html.svg
mimes/scalable/application-x-qet-project.svg	L	text-html.svg
mimes/scalable/application-x-qtiplot.svg	L	x-office-spreadsheet.svg
mimes/scalable/application-x-quanta.svg	L	text-x-generic.svg
mimes/scalable/application-x-quattropro.svg	L	x-office-spreadsheet.svg
mimes/scalable/application-x-quemu-disk.svg	L	application-x-cd-image.svg
mimes/scalable/application-x-r-project.svg	L	text-x-r.svg
mimes/scalable/application-x-radcom.svg	L	text-x-hex.svg
mimes/scalable/application-x-rar-compressed.svg	L	application-x-rar.svg
mimes/scalable/application-x-rar.svg	F	parchaos-mime-archive.svg
mimes/scalable/application-x-raw-disk-image-xz-compressed.svg	L	package-x-generic.svg
mimes/scalable/application-x-raw-disk-image.svg	L	application-x-cd-image.svg
mimes/scalable/application-x-raw-floppy-disk-image.svg	L	application-x-cd-image.svg
mimes/scalable/application-x-rdata.svg	L	package-x-generic.svg
mimes/scalable/application-x-remote-connection.svg	F	parchaos-mime-generic.svg
mimes/scalable/application-x-renderdoc-capture.svg	F	parchaos-mime-generic.svg
mimes/scalable/application-x-riff.svg	L	application-x-sharedlib.svg
mimes/scalable/application-x-root.svg	F	parchaos-mime-generic.svg
mimes/scalable/application-x-rosegarden-composition.svg	L	text-x-lilypond.svg
mimes/scalable/application-x-rpm.svg	F	parchaos-mime-package.svg
mimes/scalable/application-x-rsdf-container.svg	L	text-x-install.svg
mimes/scalable/application-x-ruby.svg	F	parchaos-mime-code.svg
mimes/scalable/application-x-sami.svg	L	application-x-subrip.svg
mimes/scalable/application-x-scel.svg	L	application-x-sogouskin.svg
mimes/scalable/application-x-scribus.svg	L	application-illustrator.svg
mimes/scalable/application-x-sega-cd-rom.svg	L	application-x-cd-image.svg
mimes/scalable/application-x-shar.svg	L	package-x-generic.svg
mimes/scalable/application-x-shared-library-la.svg	L	multipart-encrypted.svg
mimes/scalable/application-x-sharedlib.svg	F	parchaos-mime-package.svg
mimes/scalable/application-x-shellscript.svg	F	parchaos-mime-code.svg
mimes/scalable/application-x-shockwave-flash.svg	L	application-x-flash-video.svg
mimes/scalable/application-x-siag.svg	L	application-vnd.sun.xml.calc.svg
mimes/scalable/application-x-sif.svg	L	application-x-wmf.svg
mimes/scalable/application-x-skg.svg	F	parchaos-mime-generic.svg
mimes/scalable/application-x-skgc.svg	F	parchaos-mime-generic.svg
mimes/scalable/application-x-smb-server.svg	L	application-vnd.oasis.opendocument.database.svg
mimes/scalable/application-x-smb-workgroup.svg	F	parchaos-mime-generic.svg
mimes/scalable/application-x-snoop.svg	L	text-x-hex.svg
mimes/scalable/application-x-sogouskin.svg	F	parchaos-mime-generic.svg
mimes/scalable/application-x-sony-bbeb.svg	L	application-x-mobi8-ebook.svg
mimes/scalable/application-x-source-rpm.svg	L	application-x-rpm.svg
mimes/scalable/application-x-spkac+base64.svg	L	text-x-generic.svg
mimes/scalable/application-x-spkac.svg	L	text-x-generic.svg
mimes/scalable/application-x-spss-por.svg	L	application-x-zerosize.svg
mimes/scalable/application-x-spss-sav.svg	L	application-x-zerosize.svg
mimes/scalable/application-x-sqlite2.svg	L	application-vnd.oasis.opendocument.database.svg
mimes/scalable/application-x-sqlite3.svg	L	application-vnd.oasis.opendocument.database.svg
mimes/scalable/application-x-srt.svg	F	parchaos-mime-generic.svg
mimes/scalable/application-x-srtrip.svg	L	application-x-srt.svg
mimes/scalable/application-x-st-disk-image.svg	L	application-x-cd-image.svg
mimes/scalable/application-x-stuffit.svg	L	application-x-compress.svg
mimes/scalable/application-x-stx-disk-image.svg	L	application-x-cd-image.svg
mimes/scalable/application-x-subrip.svg	F	parchaos-mime-generic.svg
mimes/scalable/application-x-superkaramba.svg	L	application-x-compress.svg
mimes/scalable/application-x-tar.svg	F	parchaos-mime-archive.svg
mimes/scalable/application-x-tarz.svg	F	parchaos-mime-archive.svg
mimes/scalable/application-x-tektronix-rf5.svg	L	text-x-hex.svg
mimes/scalable/application-x-tex-gf.svg	L	application-x-font-ttf.svg
mimes/scalable/application-x-tex-pk.svg	L	application-x-compress.svg
mimes/scalable/application-x-texgzdvi.svg	L	application-x-compress.svg
mimes/scalable/application-x-tgif.svg	L	x-office-drawing.svg
mimes/scalable/application-x-tha.svg	F	parchaos-mime-generic.svg
mimes/scalable/application-x-theme-rtl.svg	L	application-x-theme.svg
mimes/scalable/application-x-theme.svg	F	parchaos-mime-generic.svg
mimes/scalable/application-x-thz.svg	F	parchaos-mime-generic.svg
mimes/scalable/application-x-trash.svg	F	parchaos-mime-generic.svg
mimes/scalable/application-x-trig.svg	L	x-office-document.svg
mimes/scalable/application-x-troff-man.svg	L	application-epub+zip.svg
mimes/scalable/application-x-tuberling.svg	L	application-x-zerosize.svg
mimes/scalable/application-x-turtle.svg	L	x-office-document.svg
mimes/scalable/application-x-tzo.svg	F	parchaos-mime-generic.svg
mimes/scalable/application-x-uml.svg	L	application-x-zerosize.svg
mimes/scalable/application-x-vdi-disk.svg	L	virtualbox-vdi.svg
mimes/scalable/application-x-visualnetworks.svg	L	text-x-hex.svg
mimes/scalable/application-x-vmdk-disk.svg	L	virtualbox-vmdk.svg
mimes/scalable/application-x-vmware-vmdisk.svg	L	application-x-qemu-disk.svg
mimes/scalable/application-x-vnc.svg	L	application-x-remote-connection.svg
mimes/scalable/application-x-vnd.akonadi.calendar.event.svg	L	x-office-calendar.svg
mimes/scalable/application-x-vnd.akonadi.calendar.freebusy.svg	L	x-office-calendar.svg
mimes/scalable/application-x-vnd.akonadi.calendar.journal.svg	L	x-office-calendar.svg
mimes/scalable/application-x-vnd.akonadi.calendar.svg	L	x-office-calendar.svg
mimes/scalable/application-x-vnd.akonadi.calendar.todo.svg	L	x-office-calendar.svg
mimes/scalable/application-x-vnd.akonadi.collection.virtual.svg	L	x-office-calendar.svg
mimes/scalable/application-x-vnd.akonadi.note.svg	L	text-x-generic.svg
mimes/scalable/application-x-vnd.kde.alarm.active.svg	L	text-x-generic.svg
mimes/scalable/application-x-vnd.kde.alarm.archived.svg	L	text-x-generic.svg
mimes/scalable/application-x-vnd.kde.alarm.svg	L	text-x-generic.svg
mimes/scalable/application-x-vnd.kde.alarm.template.svg	L	text-x-generic.svg
mimes/scalable/application-x-vnd.kde.contactgroup.svg	L	text-x-authors.svg
mimes/scalable/application-x-vnd.kde.kplato.svg	L	x-office-document.svg
mimes/scalable/application-x-vnd.kde.kplato.work.svg	L	x-office-document.svg
mimes/scalable/application-x-vnd.kde.kugar.mixed.svg	L	x-office-document.svg
mimes/scalable/application-x-vnd.kde.notes.svg	L	text-x-generic.svg
mimes/scalable/application-x-vnd.kde.plan.svg	L	x-office-document.svg
mimes/scalable/application-x-vnd.kde.plan.work.svg	L	x-office-document.svg
mimes/scalable/application-x-webarchive.svg	L	application-x-mswinurl.svg
mimes/scalable/application-x-windows-themepack.svg	L	application-x-theme.svg
mimes/scalable/application-x-wine-extension-cpl.svg	F	parchaos-mime-package.svg
mimes/scalable/application-x-wine-extension-inf.svg	L	text-x-generic.svg
mimes/scalable/application-x-wine-extension-ini.svg	L	text-plain.svg
mimes/scalable/application-x-wine-extension-its.svg	L	application-x-wine-extension-cpl.svg
mimes/scalable/application-x-wine-extension-skb.svg	F	parchaos-mime-package.svg
mimes/scalable/application-x-wine-extension-skp.svg	F	parchaos-mime-package.svg
mimes/scalable/application-x-wine-extension-vbs.svg	L	application-x-wine-extension-cpl.svg
mimes/scalable/application-x-wmf.svg	L	x-office-drawing.svg
mimes/scalable/application-x-x509-ca-cert.svg	L	application-certificate.svg
mimes/scalable/application-x-x509-user-cert.svg	L	application-certificate.svg
mimes/scalable/application-x-xar.svg	F	parchaos-mime-generic.svg
mimes/scalable/application-x-xbel.svg	L	text-xml.svg
mimes/scalable/application-x-xliff.svg	L	text-x-gettext-translation.svg
mimes/scalable/application-x-xoj.svg	L	application-drawing.svg
mimes/scalable/application-x-xopp.svg	F	parchaos-mime-generic.svg
mimes/scalable/application-x-xpinstall.svg	L	extension.svg
mimes/scalable/application-x-xz-compressed-tar.svg	F	parchaos-mime-archive.svg
mimes/scalable/application-x-xz-pkg.svg	L	package-x-generic.svg
mimes/scalable/application-x-xz.svg	L	application-x-archive.svg
mimes/scalable/application-x-xzpdf.svg	L	application-pdf.svg
mimes/scalable/application-x-yaml.svg	L	application-yaml.svg
mimes/scalable/application-x-zerosize.svg	L	empty.svg
mimes/scalable/application-x-zip-compressed-fb2.svg	L	application-x-fictionbook+xml.svg
mimes/scalable/application-x-zip.svg	F	parchaos-mime-archive.svg
mimes/scalable/application-x-zoo.svg	L	package-x-generic.svg
mimes/scalable/application-x-zstd-compressed-tar.svg	F	parchaos-mime-archive.svg
mimes/scalable/application-x.object.svg	L	multipart-encrypted.svg
mimes/scalable/application-xhtml+xml.svg	L	text-xhtml+xml.svg
mimes/scalable/application-xliff+xml.svg	L	application-x-gettext-translation.svg
mimes/scalable/application-xmind.svg	F	parchaos-mime-generic.svg
mimes/scalable/application-xml-dtd.svg	L	text-xml.svg
mimes/scalable/application-xml.svg	L	text-xml.svg
mimes/scalable/application-xsd.svg	L	text-xml.svg
mimes/scalable/application-xslt+xml.svg	L	text-xhtml+xml.svg
mimes/scalable/application-xspf+xml.svg	L	playlist.svg
mimes/scalable/application-yaml.svg	F	parchaos-mime-code.svg
mimes/scalable/application-zip.svg	L	application-x-archive.svg
mimes/scalable/application-zlib.svg	L	application-archive.svg
mimes/scalable/application-zstd.svg	F	parchaos-mime-archive.svg
mimes/scalable/archive.svg	L	package-x-generic.svg
mimes/scalable/ascii.svg	L	text-x-generic.svg
mimes/scalable/audio-aac.svg	L	audio-x-generic.svg
mimes/scalable/audio-ac3.svg	L	audio-x-generic.svg
mimes/scalable/audio-flac.svg	L	audio-x-flac.svg
mimes/scalable/audio-m4a.svg	L	audio-x-flac.svg
mimes/scalable/audio-midi.svg	F	parchaos-mime-audio.svg
mimes/scalable/audio-mp2.svg	L	audio-x-generic.svg
mimes/scalable/audio-mp3.svg	L	audio-x-mpeg.svg
mimes/scalable/audio-mp4.svg	L	audio-x-generic.svg
mimes/scalable/audio-mpeg.svg	L	audio-x-generic.svg
mimes/scalable/audio-ogg.svg	L	application-ogg.svg
mimes/scalable/audio-prs.sid.svg	L	audio-midi.svg
mimes/scalable/audio-scpls.svg	L	application-audio-playlist.svg
mimes/scalable/audio-shn.svg	L	audio-x-flac.svg
mimes/scalable/audio-vn.rn-realmedia.svg	L	video-x-generic.svg
mimes/scalable/audio-vnd.dts.hd.svg	L	application-audio.svg
mimes/scalable/audio-vnd.dts.svg	L	application-audio.svg
mimes/scalable/audio-vnd.rn-realmedia.svg	L	video-x-generic.svg
mimes/scalable/audio-vnd.rn-realvideo.svg	L	video-x-generic.svg
mimes/scalable/audio-vnd.wave.svg	L	audio-x-flac.svg
mimes/scalable/audio-x-aac.svg	L	application-audio.svg
mimes/scalable/audio-x-adpcm.svg	L	audio-x-wav.svg
mimes/scalable/audio-x-aiff.svg	L	audio-x-generic.svg
mimes/scalable/audio-x-caf.svg	L	audio-x-flac.svg
mimes/scalable/audio-x-flac+ogg.svg	L	application-ogg.svg
mimes/scalable/audio-x-flac.svg	L	audio-x-generic.svg
mimes/scalable/audio-x-generic.svg	F	parchaos-mime-audio.svg
mimes/scalable/audio-x-it.svg	L	audio-x-generic.svg
mimes/scalable/audio-x-m4a.svg	L	audio-x-flac.svg
mimes/scalable/audio-x-midi.svg	L	audio-midi.svg
mimes/scalable/audio-x-monkey.svg	L	audio-x-generic.svg
mimes/scalable/audio-x-monkeys-audio.svg	L	audio-x-flac.svg
mimes/scalable/audio-x-mp2.svg	L	audio-x-generic.svg
mimes/scalable/audio-x-mp3-playlist.svg	F	parchaos-mime-audio.svg
mimes/scalable/audio-x-mpeg.svg	L	audio-mpeg.svg
mimes/scalable/audio-x-mpegurl.svg	L	audio-x-mp3-playlist.svg
mimes/scalable/audio-x-mpg.svg	L	application-audio.svg
mimes/scalable/audio-x-ms-wax.svg	L	audio-x-flac.svg
mimes/scalable/audio-x-ms-wma.svg	L	audio-x-flac.svg
mimes/scalable/audio-x-ofr.svg	L	audio-x-flac.svg
mimes/scalable/audio-x-playlist.svg	L	audio-x-mp3-playlist.svg
mimes/scalable/audio-x-pn-realaudio.svg	L	audio-x-flac.svg
mimes/scalable/audio-x-scpis.svg	L	application-audio.svg
mimes/scalable/audio-x-scpls.svg	L	audio-x-mp3-playlist.svg
mimes/scalable/audio-x-shorten.svg	L	application-audio.svg
mimes/scalable/audio-x-smart-playlist.svg	L	application-audio-playlist.svg
mimes/scalable/audio-x-speex+ogg.svg	L	application-ogg.svg
mimes/scalable/audio-x-tta.svg	L	audio-x-flac.svg
mimes/scalable/audio-x-vorbis+ogg.svg	L	audio-x-generic.svg
mimes/scalable/audio-x-wav.svg	L	audio-x-generic.svg
mimes/scalable/audio-x-xi.svg	L	audio-x-generic.svg
mimes/scalable/audio-x-xm.svg	L	audio-x-generic.svg
mimes/scalable/audiobook.svg	L	application-epub+zip.svg
mimes/scalable/authors.svg	L	application-users.svg
mimes/scalable/binary.svg	L	application-x-executable.svg
mimes/scalable/blank-cd.svg	L	application-x-cd-image.svg
mimes/scalable/contents2.svg	L	x-office-address-book.svg
mimes/scalable/deb.svg	L	application-x-deb.svg
mimes/scalable/divx.svg	L	video-x-generic.svg
mimes/scalable/document-excel.svg	L	application-vnd.oasis.opendocument.spreadsheet.svg
mimes/scalable/document-illustrator.svg	L	application-illustrator.svg
mimes/scalable/document-photoshop.svg	L	image-vnd.adobe.photoshop.svg
mimes/scalable/document-powerpoint.svg	L	x-office-presentation.svg
mimes/scalable/document-rtl.svg	L	x-office-document.svg
mimes/scalable/document-word.svg	L	x-office-document.svg
mimes/scalable/document.svg	L	x-office-document.svg
mimes/scalable/drawing-dwg.svg	L	model.svg
mimes/scalable/emblem-package.svg	L	package-x-generic.svg
mimes/scalable/empty.svg	L	application-blank.svg
mimes/scalable/encrypted.svg	L	application-pgp-encrypted.svg
mimes/scalable/exec.svg	L	application-x-executable.svg
mimes/scalable/extension.svg	F	parchaos-mime-package.svg
mimes/scalable/folder_tar.svg	L	application-x-tar.svg
mimes/scalable/font-collection.svg	L	application-x-font-ttf.svg
mimes/scalable/font-otf.svg	L	application-x-font-otf.svg
mimes/scalable/font-ttf.svg	L	application-x-font-ttf.svg
mimes/scalable/font-woff.svg	L	application-x-font-ttf.svg
mimes/scalable/font-woff2.svg	L	application-x-font-ttf.svg
mimes/scalable/font-x-generic.svg	F	parchaos-mime-font.svg
mimes/scalable/font.svg	L	font-x-generic.svg
mimes/scalable/font_bitmap.svg	L	font-x-generic.svg
mimes/scalable/font_truetype.svg	L	font-x-generic.svg
mimes/scalable/font_type1.svg	L	font-x-generic.svg
mimes/scalable/fonts-package.svg	L	application-x-font-ttf.svg
mimes/scalable/gddoc.svg	F	parchaos-mime-document.svg
mimes/scalable/gddraw.svg	F	parchaos-mime-image.svg
mimes/scalable/gdform.svg	F	parchaos-mime-document.svg
mimes/scalable/gdlink.svg	F	parchaos-mime-web.svg
mimes/scalable/gdnote.svg	F	parchaos-mime-document.svg
mimes/scalable/gdscript.svg	F	parchaos-mime-code.svg
mimes/scalable/gdsheet.svg	F	parchaos-mime-spreadsheet.svg
mimes/scalable/gdslides.svg	F	parchaos-mime-presentation.svg
mimes/scalable/gedit-plugin.svg	L	extension.svg
mimes/scalable/gif.svg	L	image-gif.svg
mimes/scalable/gnome-exe-thumbnailer-generic-x.svg	L	application-x-ms-dos-executable.svg
mimes/scalable/gnome-exe-thumbnailer-generic.svg	L	application-x-ms-dos-executable.svg
mimes/scalable/gnome-exe-thumbnailer-template.svg	L	application-x-ms-dos-executable.svg
mimes/scalable/gnome-fs-executable.svg	L	application-x-executable.svg
mimes/scalable/gnome-fs-regular.svg	L	empty.svg
mimes/scalable/gnome-mime-application-atom+xml.svg	L	application-atom+xml.svg
mimes/scalable/gnome-mime-application-javascript.svg	L	text-x-javascript.svg
mimes/scalable/gnome-mime-application-magicpoint.svg	L	x-office-presentation.svg
mimes/scalable/gnome-mime-application-msword.svg	L	application-msword.svg
mimes/scalable/gnome-mime-application-ogg.svg	L	application-audio.svg
mimes/scalable/gnome-mime-application-pdf.svg	L	application-pdf.svg
mimes/scalable/gnome-mime-application-postscript.svg	L	application-postscript.svg
mimes/scalable/gnome-mime-application-rss+xml.svg	L	application-atom+xml.svg
mimes/scalable/gnome-mime-application-rtf.svg	L	text-richtext.svg
mimes/scalable/gnome-mime-application-vnd.lotus-1-2-3.svg	L	x-office-spreadsheet.svg
mimes/scalable/gnome-mime-application-vnd.ms-cab-compressed.svg	L	application-vnd.ms-cab-compressed.svg
mimes/scalable/gnome-mime-application-vnd.ms-excel.svg	L	application-vnd.oasis.opendocument.spreadsheet.svg
mimes/scalable/gnome-mime-application-vnd.ms-powerpoint.svg	L	x-office-presentation.svg
mimes/scalable/gnome-mime-application-vnd.oasis.opendocument.graphics-template.svg	L	application-vnd.oasis.opendocument.image-template.svg
mimes/scalable/gnome-mime-application-vnd.oasis.opendocument.graphics.svg	L	x-office-drawing.svg
mimes/scalable/gnome-mime-application-vnd.oasis.opendocument.image.svg	L	x-office-drawing.svg
mimes/scalable/gnome-mime-application-vnd.oasis.opendocument.presentation-template.svg	L	x-office-presentation.svg
mimes/scalable/gnome-mime-application-vnd.oasis.opendocument.presentation.svg	L	libreoffice-oasis-presentation.svg
mimes/scalable/gnome-mime-application-vnd.oasis.opendocument.spreadsheet-template.svg	L	application-vnd.oasis.opendocument.spreadsheet-template.svg
mimes/scalable/gnome-mime-application-vnd.oasis.opendocument.spreadsheet.svg	L	libreoffice-oasis-spreadsheet.svg
mimes/scalable/gnome-mime-application-vnd.oasis.opendocument.text-template.svg	L	application-vnd.oasis.opendocument.text-template.svg
mimes/scalable/gnome-mime-application-vnd.oasis.opendocument.text-web.svg	L	application-vnd.oasis.opendocument.text-web.svg
mimes/scalable/gnome-mime-application-vnd.oasis.opendocument.text.svg	L	x-office-document.svg
mimes/scalable/gnome-mime-application-vnd.openxmlformats-officedocument.presentationml.presentation.svg	L	x-office-presentation.svg
mimes/scalable/gnome-mime-application-vnd.openxmlformats-officedocument.presentationml.slideshow.svg	L	x-office-presentation.svg
mimes/scalable/gnome-mime-application-vnd.openxmlformats-officedocument.spreadsheetml.sheet.svg	L	application-vnd.oasis.opendocument.spreadsheet.svg
mimes/scalable/gnome-mime-application-vnd.openxmlformats-officedocument.wordprocessingml.document.svg	L	application-vnd.openxmlformats-officedocument.wordprocessingml.document.svg
mimes/scalable/gnome-mime-application-vnd.rn-realmedia-secure.svg	L	video-x-generic.svg
mimes/scalable/gnome-mime-application-vnd.rn-realmedia-vbr.svg	L	video-x-generic.svg
mimes/scalable/gnome-mime-application-vnd.rn-realmedia.svg	L	video-x-generic.svg
mimes/scalable/gnome-mime-application-vnd.scribus.svg	L	application-illustrator.svg
mimes/scalable/gnome-mime-application-vnd.stardivision.calc.svg	L	x-office-spreadsheet.svg
mimes/scalable/gnome-mime-application-vnd.stardivision.impress.svg	L	x-office-presentation.svg
mimes/scalable/gnome-mime-application-vnd.stardivision.writer.svg	L	x-office-document.svg
mimes/scalable/gnome-mime-application-vnd.sun.xml.calc.svg	L	x-office-spreadsheet.svg
mimes/scalable/gnome-mime-application-vnd.sun.xml.calc.template.svg	L	application-vnd.oasis.opendocument.spreadsheet-template.svg
mimes/scalable/gnome-mime-application-vnd.sun.xml.draw.svg	L	x-office-drawing.svg
mimes/scalable/gnome-mime-application-vnd.sun.xml.draw.template.svg	L	application-vnd.oasis.opendocument.drawing-template.svg
mimes/scalable/gnome-mime-application-vnd.sun.xml.impress.svg	L	x-office-presentation.svg
mimes/scalable/gnome-mime-application-vnd.sun.xml.impress.template.svg	L	x-office-presentation.svg
mimes/scalable/gnome-mime-application-vnd.sun.xml.writer.svg	L	x-office-document.svg
mimes/scalable/gnome-mime-application-vnd.sun.xml.writer.template.svg	L	application-vnd.oasis.opendocument.text-template.svg
mimes/scalable/gnome-mime-application-wordperfect.svg	L	x-office-document.svg
mimes/scalable/gnome-mime-application-x-7z-compressed.svg	L	application-7zip.svg
mimes/scalable/gnome-mime-application-x-7zip.svg	L	application-x-7zip.svg
mimes/scalable/gnome-mime-application-x-abiword.svg	L	x-office-document.svg
mimes/scalable/gnome-mime-application-x-ace.svg	L	application-x-ace.svg
mimes/scalable/gnome-mime-application-x-applix-spreadsheet.svg	L	x-office-spreadsheet.svg
mimes/scalable/gnome-mime-application-x-applix-word.svg	L	x-office-document.svg
mimes/scalable/gnome-mime-application-x-archive.svg	L	application-x-archive.svg
mimes/scalable/gnome-mime-application-x-arj.svg	L	application-x-archive.svg
mimes/scalable/gnome-mime-application-x-bittorrent.svg	L	application-x-bittorrent.svg
mimes/scalable/gnome-mime-application-x-bzip-compressed-tar.svg	L	application-x-bzip-compressed-tar.svg
mimes/scalable/gnome-mime-application-x-bzip-compressed.svg	L	application-x-bzip-compressed.svg
mimes/scalable/gnome-mime-application-x-bzip.svg	L	application-x-bzip.svg
mimes/scalable/gnome-mime-application-x-bzip2-compressed.svg	L	application-x-bzip-compressed.svg
mimes/scalable/gnome-mime-application-x-class-file.svg	L	application-x-class-file.svg
mimes/scalable/gnome-mime-application-x-compress.svg	L	application-x-archive.svg
mimes/scalable/gnome-mime-application-x-compressed-tar.svg	L	application-x-compressed-tar.svg
mimes/scalable/gnome-mime-application-x-cpio-compress.svg	L	application-x-cpio.svg
mimes/scalable/gnome-mime-application-x-cpio-compressed.svg	L	application-x-archive.svg
mimes/scalable/gnome-mime-application-x-cpio.svg	L	application-x-archive.svg
mimes/scalable/gnome-mime-application-x-deb.svg	L	application-x-deb.svg
mimes/scalable/gnome-mime-application-x-designer.svg	L	application-x-designer.svg
mimes/scalable/gnome-mime-application-x-desktop.svg	L	application-x-desktop.svg
mimes/scalable/gnome-mime-application-x-dvi.svg	L	x-office-document.svg
mimes/scalable/gnome-mime-application-x-executable.svg	L	application-x-executable.svg
mimes/scalable/gnome-mime-application-x-font-afm.svg	L	font-x-generic.svg
mimes/scalable/gnome-mime-application-x-font-bdf.svg	L	font-x-generic.svg
mimes/scalable/gnome-mime-application-x-font-linux-psf.svg	L	font-x-generic.svg
mimes/scalable/gnome-mime-application-x-font-pcf.svg	L	font-x-generic.svg
mimes/scalable/gnome-mime-application-x-font-sunos-news.svg	L	font-x-generic.svg
mimes/scalable/gnome-mime-application-x-font-ttf.svg	L	font-x-generic.svg
mimes/scalable/gnome-mime-application-x-glade.svg	L	application-illustrator.svg
mimes/scalable/gnome-mime-application-x-gnome-app-info.svg	L	application-x-desktop.svg
mimes/scalable/gnome-mime-application-x-gnome-theme-package.svg	L	application-x-theme.svg
mimes/scalable/gnome-mime-application-x-gnumeric.svg	L	x-office-spreadsheet.svg
mimes/scalable/gnome-mime-application-x-gzip.svg	L	application-x-gzip.svg
mimes/scalable/gnome-mime-application-x-gzpostscript.svg	L	application-postscript.svg
mimes/scalable/gnome-mime-application-x-illustrator.svg	L	application-vestor.svg
mimes/scalable/gnome-mime-application-x-jar.svg	L	application-x-jar.svg
mimes/scalable/gnome-mime-application-x-java-archive.svg	L	application-x-jar.svg
mimes/scalable/gnome-mime-application-x-java.svg	L	application-x-class-file.svg
mimes/scalable/gnome-mime-application-x-javascript.svg	L	text-x-javascript.svg
mimes/scalable/gnome-mime-application-x-killustrator.svg	L	image-x-generic.svg
mimes/scalable/gnome-mime-application-x-kpresenter.svg	L	x-office-presentation.svg
mimes/scalable/gnome-mime-application-x-kspread.svg	L	x-office-spreadsheet.svg
mimes/scalable/gnome-mime-application-x-kword.svg	L	x-office-document.svg
mimes/scalable/gnome-mime-application-x-lha.svg	L	application-x-archive.svg
mimes/scalable/gnome-mime-application-x-lhz.svg	L	application-x-archive.svg
mimes/scalable/gnome-mime-application-x-lzma-compressed-tar.svg	L	application-x-lzma-compressed-tar.svg
mimes/scalable/gnome-mime-application-x-lzma.svg	L	application-x-lzma.svg
mimes/scalable/gnome-mime-application-x-lzop.svg	L	application-x-lzop.svg
mimes/scalable/gnome-mime-application-x-ms-dos-executable.svg	L	application-x-ms-dos-executable.svg
mimes/scalable/gnome-mime-application-x-nero-disc-image.svg	L	application-x-iso.svg
mimes/scalable/gnome-mime-application-x-nero-linux-compilation.svg	L	application-xml.svg
mimes/scalable/gnome-mime-application-x-perl.svg	L	text-x-perl.svg
mimes/scalable/gnome-mime-application-x-php.svg	L	application-x-php.svg
mimes/scalable/gnome-mime-application-x-python-bytecode.svg	L	text-x-python.svg
mimes/scalable/gnome-mime-application-x-rar.svg	L	application-x-rar.svg
mimes/scalable/gnome-mime-application-x-remote-connection.svg	L	application-x-remote-connection.svg
mimes/scalable/gnome-mime-application-x-rpm.svg	L	application-x-rpm.svg
mimes/scalable/gnome-mime-application-x-ruby.svg	L	application-x-ruby.svg
mimes/scalable/gnome-mime-application-x-scribus.svg	L	application-illustrator.svg
mimes/scalable/gnome-mime-application-x-shar.svg	L	application-x-shar.svg
mimes/scalable/gnome-mime-application-x-shellscript.svg	L	text-x-script.svg
mimes/scalable/gnome-mime-application-x-shockwave-flash.svg	L	application-x-flash-video.svg
mimes/scalable/gnome-mime-application-x-stuffit.svg	L	application-x-archive.svg
mimes/scalable/gnome-mime-application-x-tar.svg	L	application-x-tar.svg
mimes/scalable/gnome-mime-application-x-tarz.svg	L	application-x-archive.svg
mimes/scalable/gnome-mime-application-x-tex.svg	L	text-x-tex.svg
mimes/scalable/gnome-mime-application-x-theme.svg	L	application-x-theme.svg
mimes/scalable/gnome-mime-application-x-vnc.svg	L	application-x-remote-connection.svg
mimes/scalable/gnome-mime-application-x-xopp.svg	L	application-x-xopp.svg
mimes/scalable/gnome-mime-application-x-zip.svg	L	application-archive-zip.svg
mimes/scalable/gnome-mime-application-x-zoo.svg	L	application-x-zoo.svg
mimes/scalable/gnome-mime-application-xhtml+xml.svg	L	text-xml.svg
mimes/scalable/gnome-mime-application-xml.svg	L	application-xml.svg
mimes/scalable/gnome-mime-application-zip.svg	L	application-archive-zip.svg
mimes/scalable/gnome-mime-audio.svg	L	audio-x-generic.svg
mimes/scalable/gnome-mime-image-bmp.svg	L	application-image-bmp.svg
mimes/scalable/gnome-mime-image-gif.svg	L	application-image-gif.svg
mimes/scalable/gnome-mime-image-jpeg.svg	L	image-jpeg.svg
mimes/scalable/gnome-mime-image-png.svg	L	image-png.svg
mimes/scalable/gnome-mime-image-tiff.svg	L	application-image-tiff.svg
mimes/scalable/gnome-mime-image-x-cmu-raster.svg	L	image-x-generic.svg
mimes/scalable/gnome-mime-image-x-killustrator.svg	L	image-x-generic.svg
mimes/scalable/gnome-mime-image-x-portable-bitmap.svg	L	application-image-bmp.svg
mimes/scalable/gnome-mime-image-x-psd.svg	L	application-image-psd.svg
mimes/scalable/gnome-mime-image-x-xpixmap.svg	L	image-x-generic.svg
mimes/scalable/gnome-mime-image.svg	L	image-x-generic.svg
mimes/scalable/gnome-mime-imagebmp.svg	L	application-image-bmp.svg
mimes/scalable/gnome-mime-text-css.svg	L	text-css.svg
mimes/scalable/gnome-mime-text-html.svg	L	text-html.svg
mimes/scalable/gnome-mime-text-javascript.svg	L	application-javascript.svg
mimes/scalable/gnome-mime-text-plain.svg	L	text-plain.svg
mimes/scalable/gnome-mime-text-vnd.wap.wml.svg	L	text-xml.svg
mimes/scalable/gnome-mime-text-x-authors.svg	L	application-users.svg
mimes/scalable/gnome-mime-text-x-c++.svg	L	text-x-c++.svg
mimes/scalable/gnome-mime-text-x-c++src.svg	L	text-x-c++.svg
mimes/scalable/gnome-mime-text-x-c.svg	L	text-x-c.svg
mimes/scalable/gnome-mime-text-x-changelog.svg	L	text-x-changelog.svg
mimes/scalable/gnome-mime-text-x-chdr.svg	L	text-x-chdr.svg
mimes/scalable/gnome-mime-text-x-copying.svg	L	text-x-copying.svg
mimes/scalable/gnome-mime-text-x-credits.svg	L	application-users.svg
mimes/scalable/gnome-mime-text-x-csh.svg	L	text-x-script.svg
mimes/scalable/gnome-mime-text-x-csharp.svg	L	text-x-csharp.svg
mimes/scalable/gnome-mime-text-x-csrc.svg	L	text-x-c.svg
mimes/scalable/gnome-mime-text-x-gtkrc.svg	L	application-x-desktop.svg
mimes/scalable/gnome-mime-text-x-install.svg	L	text-x-script.svg
mimes/scalable/gnome-mime-text-x-java-source.svg	L	application-java.svg
mimes/scalable/gnome-mime-text-x-java.svg	L	application-x-class-file.svg
mimes/scalable/gnome-mime-text-x-javascript.svg	L	text-x-javascript.svg
mimes/scalable/gnome-mime-text-x-makefile.svg	L	text-x-makefile.svg
mimes/scalable/gnome-mime-text-x-python.svg	L	text-x-python.svg
mimes/scalable/gnome-mime-text-x-readme.svg	L	text-x-readme.svg
mimes/scalable/gnome-mime-text-x-sh.svg	L	text-x-script.svg
mimes/scalable/gnome-mime-text-x-source.svg	L	text-x-source.svg
mimes/scalable/gnome-mime-text-x-vcalendar.svg	L	x-office-calendar.svg
mimes/scalable/gnome-mime-text-x-vcard.svg	L	text-x-vcard.svg
mimes/scalable/gnome-mime-text-x-zsh.svg	L	text-x-script.svg
mimes/scalable/gnome-mime-text.svg	L	text-plain.svg
mimes/scalable/gnome-mime-video-x-ms-asf.svg	L	video-x-generic.svg
mimes/scalable/gnome-mime-video-x-ms-wmv.svg	L	video-x-generic.svg
mimes/scalable/gnome-mime-video.svg	L	video-x-generic.svg
mimes/scalable/gnome-mime-x-font-afm.svg	L	font-x-generic.svg
mimes/scalable/gnome-mime-x-install.svg	L	text-x-install.svg
mimes/scalable/gnome-package.svg	L	package-x-generic.svg
mimes/scalable/gnome-unknown.svg	L	unknown.svg
mimes/scalable/gtk-file.svg	L	empty.svg
mimes/scalable/html.svg	L	application-xml.svg
mimes/scalable/image-apng.svg	L	application-image-png.svg
mimes/scalable/image-blank.svg	L	application-images.svg
mimes/scalable/image-bmp.svg	L	image-x-generic.svg
mimes/scalable/image-cgm.svg	L	application-vector.svg
mimes/scalable/image-emf.svg	L	application-vector.svg
mimes/scalable/image-fits.svg	L	application-images.svg
mimes/scalable/image-generic.svg	L	image-x-generic.svg
mimes/scalable/image-gif.svg	L	image-x-generic.svg
mimes/scalable/image-ico.svg	L	image-x-generic.svg
mimes/scalable/image-jpeg.svg	L	application-image-jpg.svg
mimes/scalable/image-jpeg2000.svg	L	image-jpeg.svg
mimes/scalable/image-png.svg	F	parchaos-mime-image.svg
mimes/scalable/image-svg+xml-compressed.svg	L	x-office-drawing.svg
mimes/scalable/image-svg+xml.svg	F	parchaos-mime-image.svg
mimes/scalable/image-tiff-multipage.svg	L	application-image-tiff.svg
mimes/scalable/image-tiff.svg	L	image-x-generic.svg
mimes/scalable/image-vnd.adobe.photoshop.svg	L	application-photoshop.svg
mimes/scalable/image-vnd.dgn.svg	F	parchaos-mime-image.svg
mimes/scalable/image-vnd.djvu.svg	F	parchaos-mime-image.svg
mimes/scalable/image-vnd.dwg.svg	F	parchaos-mime-image.svg
mimes/scalable/image-vnd.dxf.svg	L	application-dxf.svg
mimes/scalable/image-vnd.microsoft.icon.svg	L	image-x-ico.svg
mimes/scalable/image-vnd.zbrush.pcx.svg	L	image-x-pcx.svg
mimes/scalable/image-webp.svg	F	parchaos-mime-image.svg
mimes/scalable/image-wmf.svg	L	application-vector.svg
mimes/scalable/image-x-3ds.svg	L	application-x-blender.svg
mimes/scalable/image-x-adobe-dng.svg	L	image-x-generic.svg
mimes/scalable/image-x-compressed-xcf.svg	F	parchaos-mime-archive.svg
mimes/scalable/image-x-dwg.svg	L	model.svg
mimes/scalable/image-x-emf.svg	L	application-x-wmf.svg
mimes/scalable/image-x-eps.svg	L	application-postscript.svg
mimes/scalable/image-x-generic.svg	F	parchaos-mime-image.svg
mimes/scalable/image-x-ico.svg	L	image-x-generic.svg
mimes/scalable/image-x-icon.svg	L	image-x-ico.svg
mimes/scalable/image-x-krita.svg	L	image-x-generic.svg
mimes/scalable/image-x-pcx.svg	L	application-images.svg
mimes/scalable/image-x-portable-bitmap.svg	L	image-bmp.svg
mimes/scalable/image-x-portable.bitmap.svg	L	image-x-generic.svg
mimes/scalable/image-x-psd.svg	L	image-vnd.adobe.photoshop.svg
mimes/scalable/image-x-psdimage-x-psd.svg	L	image-x-psd.svg
mimes/scalable/image-x-svg+xml.svg	L	x-office-drawing.svg
mimes/scalable/image-x-tga.svg	L	image-x-generic.svg
mimes/scalable/image-x-vnd.trolltech.qpicture.svg	L	image-x-generic.svg
mimes/scalable/image-x-win-bitmap.svg	L	image-bmp.svg
mimes/scalable/image-x-win-bmp.svg	L	image-bmp.svg
mimes/scalable/image-x-wmf.svg	L	application-x-wmf.svg
mimes/scalable/image-x-xcf.svg	L	image-x-compressed-xcf.svg
mimes/scalable/image-x-xfig.svg	L	x-office-drawing.svg
mimes/scalable/image.svg	L	image-x-generic.svg
mimes/scalable/inode-symlink.svg	F	parchaos-mime-generic.svg
mimes/scalable/inode-vnd.kde.service.unknown.svg	L	application-x-zerosize.svg
mimes/scalable/inode-vnd.kde.service.upnp.Unknown.svg	L	application-x-zerosize.svg
mimes/scalable/internet-feed.svg	L	application-rss_xml.svg
mimes/scalable/javascript.svg	L	application-x-javascript.svg
mimes/scalable/jd-container.svg	L	text-x-install.svg
mimes/scalable/jpeg.svg	L	image-jpeg.svg
mimes/scalable/jpg.svg	L	image-jpeg.svg
mimes/scalable/kpresenter_kpr.svg	L	x-office-presentation.svg
mimes/scalable/libpeas-plugin.svg	L	extension.svg
mimes/scalable/libreoffice-database.svg	L	application-vnd.oasis.opendocument.database.svg
mimes/scalable/libreoffice-drawing-template.svg	L	application-vnd.sun.xml.draw.template.svg
mimes/scalable/libreoffice-drawing.svg	L	x-office-drawing.svg
mimes/scalable/libreoffice-extension.svg	L	x-kde-nsplugin-generated.svg
mimes/scalable/libreoffice-formula.svg	L	application-vnd.oasis.opendocument.formula.svg
mimes/scalable/libreoffice-master-docment.svg	L	application-vnd.oasis.opendocument.master-document.svg
mimes/scalable/libreoffice-master-document.svg	L	x-office-document.svg
mimes/scalable/libreoffice-oasis-database.svg	F	parchaos-mime-database.svg
mimes/scalable/libreoffice-oasis-drawing-template.svg	L	x-office-drawing.svg
mimes/scalable/libreoffice-oasis-drawing.svg	F	parchaos-mime-image.svg
mimes/scalable/libreoffice-oasis-formula.svg	F	parchaos-mime-document.svg
mimes/scalable/libreoffice-oasis-master-document.svg	F	parchaos-mime-document.svg
mimes/scalable/libreoffice-oasis-presentation-template.svg	L	application-vnd.oasis.opendocument.presentation-template.svg
mimes/scalable/libreoffice-oasis-presentation.svg	F	parchaos-mime-presentation.svg
mimes/scalable/libreoffice-oasis-spreadsheet-template.svg	L	application-vnd.oasis.opendocument.spreadsheet-template.svg
mimes/scalable/libreoffice-oasis-spreadsheet.svg	F	parchaos-mime-spreadsheet.svg
mimes/scalable/libreoffice-oasis-text-template.svg	L	application-vnd.oasis.opendocument.text-template.svg
mimes/scalable/libreoffice-oasis-text.svg	F	parchaos-mime-document.svg
mimes/scalable/libreoffice-oasis-web-template.svg	L	application-vnd.oasis.opendocument.web-template.svg
mimes/scalable/libreoffice-oasis-web.svg	F	parchaos-mime-web.svg
mimes/scalable/libreoffice-presentation-template.svg	L	libreoffice-oasis-presentation-template.svg
mimes/scalable/libreoffice-presentation.svg	L	libreoffice-oasis-presentation.svg
mimes/scalable/libreoffice-spreadsheet-template.svg	L	libreoffice-oasis-spreadsheet-template.svg
mimes/scalable/libreoffice-spreadsheet.svg	L	libreoffice-oasis-spreadsheet.svg
mimes/scalable/libreoffice-text-template.svg	L	libreoffice-oasis-text-template.svg
mimes/scalable/libreoffice-text.svg	L	libreoffice-oasis-text.svg
mimes/scalable/libreoffice-web.svg	L	application-vnd.oasis.opendocument.text-web.svg
mimes/scalable/media-audio.svg	L	audio-x-generic.svg
mimes/scalable/media-image.svg	L	image-x-generic.svg
mimes/scalable/media-video.svg	L	video-x-generic.svg
mimes/scalable/message-news.svg	F	parchaos-mime-mail.svg
mimes/scalable/message-partial.svg	F	parchaos-mime-mail.svg
mimes/scalable/message-rfc822.svg	F	parchaos-mime-mail.svg
mimes/scalable/message-x-gnu-rmail.svg	L	message-rfc822.svg
mimes/scalable/message.svg	L	message-rfc822.svg
mimes/scalable/mime-ascii.svg	L	text-x-generic.svg
mimes/scalable/mime_ascii.svg	L	application-ascii.svg
mimes/scalable/misc.svg	L	application-text.svg
mimes/scalable/model-3mf.svg	L	model.svg
mimes/scalable/model-fcstd.svg	L	model.svg
mimes/scalable/model-gltf+json.svg	L	model.svg
mimes/scalable/model-gltf-binary.svg	L	model.svg
mimes/scalable/model-iges.svg	L	model.svg
mimes/scalable/model-mtl.svg	L	model.svg
mimes/scalable/model-obj.svg	L	model.svg
mimes/scalable/model-step+zip.svg	L	model.svg
mimes/scalable/model-step.svg	L	model.svg
mimes/scalable/model-stl.svg	L	model.svg
mimes/scalable/model-vnd.dwf.svg	L	model.svg
mimes/scalable/model-vrml.svg	L	model.svg
mimes/scalable/model-x.stl-binary.svg	L	model.svg
mimes/scalable/model-x3d+binary.svg	L	model.svg
mimes/scalable/model-x3d+vrml.svg	L	model.svg
mimes/scalable/model-x3d+xml.svg	L	model.svg
mimes/scalable/model-x3d.svg	L	model.svg
mimes/scalable/model.svg	L	application-x-blender.svg
mimes/scalable/multipart-alternative.svg	L	text-x-generic.svg
mimes/scalable/multipart-appledouble.svg	L	text-x-generic.svg
mimes/scalable/multipart-digest.svg	L	text-x-generic.svg
mimes/scalable/multipart-encrypted.svg	L	application-octet-stream.svg
mimes/scalable/multipart-mixed.svg	L	text-x-generic.svg
mimes/scalable/multipart-related.svg	L	text-x-generic.svg
mimes/scalable/multipart-report.svg	L	text-x-generic.svg
mimes/scalable/multipart-signed.svg	L	application-pgp-keys.svg
mimes/scalable/multipart-x-mixed-replace.svg	L	text-x-generic.svg
mimes/scalable/music.svg	L	audio-x-generic.svg
mimes/scalable/nero-disc-image.svg	L	application-x-iso.svg
mimes/scalable/nero-linux-compilation.svg	L	application-xml.svg
mimes/scalable/none.svg	L	unknown.svg
mimes/scalable/odf.svg	L	x-office-document.svg
mimes/scalable/office-contact.svg	F	parchaos-mime-contact.svg
mimes/scalable/office-document-rtl.svg	L	x-office-document.svg
mimes/scalable/office-document.svg	L	x-office-document.svg
mimes/scalable/office-illustration.svg	L	x-office-drawing.svg
mimes/scalable/office-spreadsheet.svg	L	x-office-spreadsheet.svg
mimes/scalable/openoffice3-drawing.svg	L	x-office-drawing.svg
mimes/scalable/openoffice4-database.svg	L	application-vnd.oasis.opendocument.database.svg
mimes/scalable/openoffice4-drawing-template.svg	L	application-vnd.oasis.opendocument.graphics.svg
mimes/scalable/openoffice4-drawing.svg	L	application-vnd.oasis.opendocument.graphics.svg
mimes/scalable/openoffice4-extension.svg	L	x-kde-nsplugin-generated.svg
mimes/scalable/openoffice4-formula.svg	L	application-vnd.oasis.opendocument.formula.svg
mimes/scalable/openoffice4-master-document.svg	L	x-office-document.svg
mimes/scalable/openoffice4-oasis-database.svg	L	application-vnd.oasis.opendocument.database.svg
mimes/scalable/openoffice4-oasis-drawing-template.svg	L	application-vnd.oasis.opendocument.graphics.svg
mimes/scalable/openoffice4-oasis-drawing.svg	L	application-vnd.oasis.opendocument.graphics.svg
mimes/scalable/openoffice4-oasis-formula.svg	L	application-vnd.oasis.opendocument.formula.svg
mimes/scalable/openoffice4-oasis-master-document.svg	L	x-office-document.svg
mimes/scalable/openoffice4-oasis-presentation-template.svg	L	x-office-presentation.svg
mimes/scalable/openoffice4-oasis-presentation.svg	L	x-office-presentation.svg
mimes/scalable/openoffice4-oasis-spreadsheet-template.svg	L	x-office-spreadsheet.svg
mimes/scalable/openoffice4-oasis-spreadsheet.svg	L	x-office-spreadsheet.svg
mimes/scalable/openoffice4-oasis-text-template.svg	L	x-office-document.svg
mimes/scalable/openoffice4-oasis-text.svg	L	x-office-document.svg
mimes/scalable/openoffice4-oasis-web-template.svg	L	application-x-mswinurl.svg
mimes/scalable/openoffice4-presentation-template.svg	L	x-office-presentation.svg
mimes/scalable/openoffice4-presentation.svg	L	x-office-presentation.svg
mimes/scalable/openoffice4-spreadsheet-template.svg	L	x-office-spreadsheet.svg
mimes/scalable/openoffice4-spreadsheet.svg	L	x-office-spreadsheet.svg
mimes/scalable/openoffice4-text-template.svg	L	x-office-document.svg
mimes/scalable/openoffice4-text.svg	L	x-office-document.svg
mimes/scalable/openofficeorg3-database.svg	L	application-vnd.oasis.opendocument.database.svg
mimes/scalable/openofficeorg3-drawing.svg	L	x-office-drawing.svg
mimes/scalable/openofficeorg3-extension.svg	L	extension.svg
mimes/scalable/openofficeorg3-oasis-database.svg	L	application-vnd.oasis.opendocument.database.svg
mimes/scalable/openofficeorg3-oasis-spreadsheet.svg	L	libreoffice-oasis-spreadsheet.svg
mimes/scalable/opera-extension.svg	L	extension.svg
mimes/scalable/package-gdebi.svg	L	application-x-deb.svg
mimes/scalable/package-x-generic.svg	F	parchaos-mime-package.svg
mimes/scalable/package.svg	L	package-x-generic.svg
mimes/scalable/package_editors.svg	L	application-text.svg
mimes/scalable/package_wordprocessing.svg	L	x-office-document.svg
mimes/scalable/pdf.svg	L	application-pdf.svg
mimes/scalable/plan.svg	L	x-office-calendar.svg
mimes/scalable/playlist-automatic.svg	L	audio-x-smart-playlist.svg
mimes/scalable/playlist.svg	L	audio-x-playlist.svg
mimes/scalable/podcast.svg	L	x-media-podcast.svg
mimes/scalable/pplication-vnd.openxmlformats-officedocument.spreadsheetml.sheet.svg	L	application-vnd.ms-excel.addin.macroenabled.12.svg
mimes/scalable/qgis-asc.svg	L	image-x-generic.svg
mimes/scalable/qgis-ddf.svg	L	image-x-generic.svg
mimes/scalable/qgis-dem.svg	L	image-x-generic.svg
mimes/scalable/qgis-dt0.svg	L	image-x-generic.svg
mimes/scalable/qgis-dxf.svg	L	image-x-svg+xml.svg
mimes/scalable/qgis-gml.svg	L	image-x-svg+xml.svg
mimes/scalable/qgis-img.svg	L	image-x-generic.svg
mimes/scalable/qgis-mldata.svg	L	text-x-hex.svg
mimes/scalable/qgis-qlr.svg	L	image-x-svg+xml.svg
mimes/scalable/qgis-qml.svg	L	text-x-qml.svg
mimes/scalable/qgis-shp.svg	L	image-x-svg+xml.svg
mimes/scalable/qgis-sqlite.svg	L	application-x-sqlite2.svg
mimes/scalable/rar.svg	L	application-x-rar.svg
mimes/scalable/raw.svg	L	image-x-generic.svg
mimes/scalable/rpm.svg	L	application-x-rpm.svg
mimes/scalable/shellscript.svg	L	text-x-script.svg
mimes/scalable/sound.svg	L	audio-x-generic.svg
mimes/scalable/source-php.svg	L	application-x-php.svg
mimes/scalable/source-playlist.svg	L	audio-x-playlist.svg
mimes/scalable/source-smart-playlist.svg	L	audio-x-smart-playlist.svg
mimes/scalable/spreadsheet.svg	L	x-office-spreadsheet.svg
mimes/scalable/stock_addressbook.svg	F	parchaos-mime-contact.svg
mimes/scalable/stock_calendar.svg	L	x-office-calendar.svg
mimes/scalable/stock_certificate.svg	L	application-certificate.svg
mimes/scalable/stock_new-drawing.svg	L	x-office-drawing.svg
mimes/scalable/stock_new-html.svg	L	text-html.svg
mimes/scalable/stock_new-master-document.svg	L	x-office-document.svg
mimes/scalable/stock_new-presentation.svg	L	x-office-presentation.svg
mimes/scalable/stock_new-spreadsheet.svg	L	x-office-spreadsheet.svg
mimes/scalable/stock_new-template.svg	L	text-x-preview.svg
mimes/scalable/stock_new-text.svg	L	x-office-document.svg
mimes/scalable/stock_playlist.svg	L	application-audio-playlist.svg
mimes/scalable/stock_script.svg	L	text-x-script.svg
mimes/scalable/stock_scripts.svg	L	text-x-script.svg
mimes/scalable/stock_unknown.svg	L	unknown.svg
mimes/scalable/svg.svg	L	application-vnd.sun.xml.draw.svg
mimes/scalable/system-component-addon.svg	F	parchaos-mime-package.svg
mimes/scalable/system-component-application.svg	L	system-component-runtime.svg
mimes/scalable/system-component-codecs.svg	F	parchaos-mime-package.svg
mimes/scalable/system-component-driver.svg	F	parchaos-mime-package.svg
mimes/scalable/system-component-firmware.svg	L	system-component-driver.svg
mimes/scalable/system-component-input-sources.svg	F	parchaos-mime-package.svg
mimes/scalable/system-component-language.svg	F	parchaos-mime-package.svg
mimes/scalable/system-component-os-updates.svg	F	parchaos-mime-package.svg
mimes/scalable/system-component-runtime.svg	F	parchaos-mime-package.svg
mimes/scalable/tar.svg	L	application-x-tar.svg
mimes/scalable/template-source.svg	L	application-text-template.svg
mimes/scalable/template_source.svg	L	application-text-template.svg
mimes/scalable/text-c.svg	L	text-x-c.svg
mimes/scalable/text-calendar.svg	L	x-office-calendar.svg
mimes/scalable/text-coffeescript.svg	L	application-vnd.coffeescript.svg
mimes/scalable/text-csharp.svg	L	text-x-csharp.svg
mimes/scalable/text-css.svg	F	parchaos-mime-code.svg
mimes/scalable/text-csv.svg	L	x-office-spreadsheet.svg
mimes/scalable/text-directory.svg	L	text-x-authors.svg
mimes/scalable/text-dockerfile.svg	F	parchaos-mime-text.svg
mimes/scalable/text-enriched-rtl.svg	L	application-text.svg
mimes/scalable/text-enriched.svg	L	application-text.svg
mimes/scalable/text-html.svg	F	parchaos-mime-web.svg
mimes/scalable/text-html_alt.svg	L	text-html.svg
mimes/scalable/text-htmlh.svg	L	text-html.svg
mimes/scalable/text-javascript.svg	L	application-javascript.svg
mimes/scalable/text-jscript.svg	L	application-javascript.svg
mimes/scalable/text-less.svg	F	parchaos-mime-text.svg
mimes/scalable/text-markdown.svg	F	parchaos-mime-text.svg
mimes/scalable/text-mathml.svg	L	text-xml.svg
mimes/scalable/text-mht.svg	L	text-html.svg
mimes/scalable/text-n3.svg	L	text-rdf.svg
mimes/scalable/text-plain.svg	L	text-x-generic.svg
mimes/scalable/text-r.svg	L	text-x-r.svg
mimes/scalable/text-rdf+xml.svg	L	text-xml.svg
mimes/scalable/text-rdf.svg	L	text-rtf.svg
mimes/scalable/text-richtext-rtl.svg	L	x-office-document.svg
mimes/scalable/text-richtext.svg	F	parchaos-mime-text.svg
mimes/scalable/text-rtf.svg	L	text-richtext.svg
mimes/scalable/text-rtl.svg	L	application-text.svg
mimes/scalable/text-rust.svg	F	parchaos-mime-text.svg
mimes/scalable/text-sgml.svg	L	application-text.svg
mimes/scalable/text-spreadsheet.svg	L	x-office-spreadsheet.svg
mimes/scalable/text-sqml.svg	L	text-plain.svg
mimes/scalable/text-tab-separated-values.svg	L	application-table.svg
mimes/scalable/text-tcl.svg	L	text-x-tcl.svg
mimes/scalable/text-troff.svg	L	application-epub+zip.svg
mimes/scalable/text-turtle.svg	L	text-rdf.svg
mimes/scalable/text-vbscript.svg	L	text-xml.svg
mimes/scalable/text-vcalendar.svg	L	x-office-calendar.svg
mimes/scalable/text-vcard.svg	L	text-x-vcard.svg
mimes/scalable/text-vnd-wap-wml.svg	L	application-xml.svg
mimes/scalable/text-vnd.abc.svg	L	audio-x-generic.svg
mimes/scalable/text-vnd.kde.kcrash-report.svg	L	text-x-apport.svg
mimes/scalable/text-vnd.qt.linguist.svg	L	text-x-qml.svg
mimes/scalable/text-vnd.rn-realtext.svg	L	application-x-subrip.svg
mimes/scalable/text-vnd.trolltech.linguist.svg	F	parchaos-mime-text.svg
mimes/scalable/text-vnd.wap.wml.svg	L	text-xml.svg
mimes/scalable/text-vtt.svg	L	application-x-srt.svg
mimes/scalable/text-wiki.svg	F	parchaos-mime-text.svg
mimes/scalable/text-x-R.svg	L	text-x-r.svg
mimes/scalable/text-x-adasrc.svg	F	parchaos-mime-text.svg
mimes/scalable/text-x-apport.svg	F	parchaos-mime-text.svg
mimes/scalable/text-x-asm.svg	L	text-x-generic.svg
mimes/scalable/text-x-authors.svg	F	parchaos-mime-code.svg
mimes/scalable/text-x-bak.svg	L	application-x-trash.svg
mimes/scalable/text-x-basic.svg	L	text-x-changelog.svg
mimes/scalable/text-x-bibtex.svg	L	text-x-tex.svg
mimes/scalable/text-x-c++.svg	L	text-x-cpp.svg
mimes/scalable/text-x-c++hdr.svg	F	parchaos-mime-code.svg
mimes/scalable/text-x-c++src.svg	L	text-x-csrc.svg
mimes/scalable/text-x-c.svg	F	parchaos-mime-code.svg
mimes/scalable/text-x-changelog.svg	F	parchaos-mime-code.svg
mimes/scalable/text-x-chdr.svg	F	parchaos-mime-code.svg
mimes/scalable/text-x-cmake.svg	F	parchaos-mime-code.svg
mimes/scalable/text-x-cobol.svg	F	parchaos-mime-code.svg
mimes/scalable/text-x-coffeescript.svg	L	application-vnd.coffeescript.svg
mimes/scalable/text-x-copying.svg	F	parchaos-mime-code.svg
mimes/scalable/text-x-cpp.svg	F	parchaos-mime-code.svg
mimes/scalable/text-x-credits.svg	L	text-x-authors.svg
mimes/scalable/text-x-csharp.svg	F	parchaos-mime-code.svg
mimes/scalable/text-x-csrc.svg	L	text-x-c.svg
mimes/scalable/text-x-css.svg	L	text-css.svg
mimes/scalable/text-x-dsssl.svg	L	text-css.svg
mimes/scalable/text-x-dtd.svg	L	text-vnd.wap.wml.svg
mimes/scalable/text-x-emacs-lisp.svg	F	parchaos-mime-text.svg
mimes/scalable/text-x-fortran.svg	F	parchaos-mime-code.svg
mimes/scalable/text-x-generic-rtl.svg	L	application-text.svg
mimes/scalable/text-x-generic-template.svg	L	application-text-template.svg
mimes/scalable/text-x-generic.svapplication-x-awk.svg	L	text-x-script.svg
mimes/scalable/text-x-generic.svg	F	parchaos-mime-text.svg
mimes/scalable/text-x-gettext-translation-template.svg	F	parchaos-mime-code.svg
mimes/scalable/text-x-gettext-translation.svg	F	parchaos-mime-code.svg
mimes/scalable/text-x-go.svg	F	parchaos-mime-code.svg
mimes/scalable/text-x-haskell.svg	F	parchaos-mime-code.svg
mimes/scalable/text-x-hex.svg	F	parchaos-mime-text.svg
mimes/scalable/text-x-install.svg	F	parchaos-mime-code.svg
mimes/scalable/text-x-java-source.svg	L	application-x-class-file.svg
mimes/scalable/text-x-java.svg	F	parchaos-mime-code.svg
mimes/scalable/text-x-javascript.svg	F	parchaos-mime-code.svg
mimes/scalable/text-x-katefilelist.svg	L	text-x-generic.svg
mimes/scalable/text-x-kotlin.svg	F	parchaos-mime-code.svg
mimes/scalable/text-x-kvc.svg	L	text-x-generic.svg
mimes/scalable/text-x-kvt.svg	F	parchaos-mime-text.svg
mimes/scalable/text-x-ldif.svg	L	x-office-contact.svg
mimes/scalable/text-x-less.svg	L	text-x-sass.svg
mimes/scalable/text-x-lilypond.svg	L	text-x-generic.svg
mimes/scalable/text-x-log.svg	L	text-x-generic.svg
mimes/scalable/text-x-lua.svg	F	parchaos-mime-code.svg
mimes/scalable/text-x-lyx.svg	L	application-x-lyx.svg
mimes/scalable/text-x-makefile.svg	F	parchaos-mime-code.svg
mimes/scalable/text-x-markdown.svg	L	text-markdown.svg
mimes/scalable/text-x-maxima-out.svg	L	text-x-wxmathml.svg
mimes/scalable/text-x-maximasession.svg	L	text-x-wxmathml.svg
mimes/scalable/text-x-meson.svg	L	text-x-cmake.svg
mimes/scalable/text-x-microdvd.svg	L	application-x-subrip.svg
mimes/scalable/text-x-mpsub.svg	L	application-x-srt.svg
mimes/scalable/text-x-nfo.svg	L	text-plain.svg
mimes/scalable/text-x-objchdr.svg	L	text-x-chdr.svg
mimes/scalable/text-x-objcsrc.svg	L	text-x-csrc.svg
mimes/scalable/text-x-opml+xml.svg	L	text-xml.svg
mimes/scalable/text-x-opml.svg	L	text-x-opml+xml.svg
mimes/scalable/text-x-pascal.svg	F	parchaos-mime-code.svg
mimes/scalable/text-x-patch.svg	F	parchaos-mime-code.svg
mimes/scalable/text-x-perl.svg	L	application-x-perl.svg
mimes/scalable/text-x-php.svg	F	parchaos-mime-code.svg
mimes/scalable/text-x-pkgbuild.svg	L	application-script-blank.svg
mimes/scalable/text-x-plain.svg	L	text-plain.svg
mimes/scalable/text-x-po.svg	F	parchaos-mime-text.svg
mimes/scalable/text-x-preview.svg	F	parchaos-mime-text.svg
mimes/scalable/text-x-python.svg	F	parchaos-mime-code.svg
mimes/scalable/text-x-python2.svg	L	text-x-python.svg
mimes/scalable/text-x-python3.svg	L	text-x-python.svg
mimes/scalable/text-x-qml.svg	F	parchaos-mime-code.svg
mimes/scalable/text-x-r-source.svg	L	text-x-r.svg
mimes/scalable/text-x-r.svg	F	parchaos-mime-code.svg
mimes/scalable/text-x-readme.svg	F	parchaos-mime-code.svg
mimes/scalable/text-x-rpm-spec.svg	F	parchaos-mime-package.svg
mimes/scalable/text-x-rsrc.svg	L	./text-plain.svg
mimes/scalable/text-x-ruby.svg	F	parchaos-mime-code.svg
mimes/scalable/text-x-rust.svg	L	text-rust.svg
mimes/scalable/text-x-sass.svg	F	parchaos-mime-code.svg
mimes/scalable/text-x-scala.svg	F	parchaos-mime-code.svg
mimes/scalable/text-x-scheme.svg	L	text-x-haskell.svg
mimes/scalable/text-x-script.svg	F	parchaos-mime-code.svg
mimes/scalable/text-x-scss.svg	L	text-x-sass.svg
mimes/scalable/text-x-source.svg	L	text-x-script.svg
mimes/scalable/text-x-sql.svg	F	parchaos-mime-database.svg
mimes/scalable/text-x-ssa.svg	L	application-x-subrip.svg
mimes/scalable/text-x-subviewer.svg	L	application-x-srt.svg
mimes/scalable/text-x-tcl.svg	F	parchaos-mime-text.svg
mimes/scalable/text-x-tex.svg	F	parchaos-mime-code.svg
mimes/scalable/text-x-texinfo.svg	L	text-x-readme.svg
mimes/scalable/text-x-todo-txt.svg	L	text-x-changelog.svg
mimes/scalable/text-x-twig.svg	L	text-x-generic-template.svg
mimes/scalable/text-x-typescript.svg	F	parchaos-mime-code.svg
mimes/scalable/text-x-typst.svg	F	parchaos-mime-code.svg
mimes/scalable/text-x-vala.svg	F	parchaos-mime-code.svg
mimes/scalable/text-x-vb.svg	L	text-vbscript.svg
mimes/scalable/text-x-vcard.svg	L	x-office-contact.svg
mimes/scalable/text-x-wxmathml.svg	L	text-mathml.svg
mimes/scalable/text-x-wxmaxima-batch.svg	L	text-mathml.svg
mimes/scalable/text-x-xslfo.svg	L	text-xml.svg
mimes/scalable/text-x.svg	L	application-text.svg
mimes/scalable/text-xhtml+xml.svg	L	text-html.svg
mimes/scalable/text-xmcd.svg	L	application-x-cda.svg
mimes/scalable/text-xml.svg	F	parchaos-mime-code.svg
mimes/scalable/text-yaml.svg	F	parchaos-mime-code.svg
mimes/scalable/text.svg	L	application-text.svg
mimes/scalable/text2.svg	L	text-x-generic.svg
mimes/scalable/tgz.svg	L	package-x-generic.svg
mimes/scalable/torrent.svg	L	./application-x-bittorrent.svg
mimes/scalable/txt.svg	L	application-text.svg
mimes/scalable/txt2.svg	L	application-text.svg
mimes/scalable/unknown.svg	F	parchaos-mime-generic.svg
mimes/scalable/uri-mms.svg	L	video-x-generic.svg
mimes/scalable/uri-mmst.svg	L	video-x-generic.svg
mimes/scalable/uri-mmsu.svg	L	video-x-generic.svg
mimes/scalable/uri-pnm.svg	L	video-x-generic.svg
mimes/scalable/uri-rtspt.svg	L	video-x-generic.svg
mimes/scalable/uri-rtspu.svg	L	video-x-generic.svg
mimes/scalable/vcalendar.svg	L	x-office-calendar.svg
mimes/scalable/vcard.svg	L	office-contact.svg
mimes/scalable/video-mlt-playlist.svg	L	video-x-generic.svg
mimes/scalable/video-mp2t.svg	L	video-x-generic.svg
mimes/scalable/video-mp4.svg	L	video.svg
mimes/scalable/video-quicktime.svg	L	video.svg
mimes/scalable/video-vivo.svg	L	video-x-generic.svg
mimes/scalable/video-vnd.avi.svg	L	application-video.svg
mimes/scalable/video-vnd.rn-realvideo.svg	L	video-x-generic.svg
mimes/scalable/video-wavelet.svg	L	video-x-generic.svg
mimes/scalable/video-webm.svg	L	video-x-generic.svg
mimes/scalable/video-x-anim.svg	L	video-x-generic.svg
mimes/scalable/video-x-flic.svg	L	video-x-generic.svg
mimes/scalable/video-x-flv.svg	L	application-x-shockwave-flash.svg
mimes/scalable/video-x-generic.svg	F	parchaos-mime-video.svg
mimes/scalable/video-x-google-vlc-plugin.svg	L	video-x-generic.svg
mimes/scalable/video-x-javafx.svg	L	video-x-generic.svg
mimes/scalable/video-x-matroska.svg	L	video.svg
mimes/scalable/video-x-mng.svg	L	video-x-generic.svg
mimes/scalable/video-x-ms-asf-plugin.svg	L	video-x-generic.svg
mimes/scalable/video-x-ms-asf.svg	L	video-x-generic.svg
mimes/scalable/video-x-ms-wmp.svg	L	video-x-generic.svg
mimes/scalable/video-x-ms-wmv.svg	L	video-x-generic.svg
mimes/scalable/video-x-msvideo.svg	L	video-x-wmv.svg
mimes/scalable/video-x-nsv.svg	L	video-x-generic.svg
mimes/scalable/video-x-ogm+ogg.svg	L	video-x-generic.svg
mimes/scalable/video-x-sgi-movie.svg	L	video-x-generic.svg
mimes/scalable/video-x-theora+ogg.svg	L	video-x-generic.svg
mimes/scalable/video-x-wmv.svg	L	video-x-generic.svg
mimes/scalable/video.svg	L	application-ram.svg
mimes/scalable/viewbib.svg	L	text-x-tex.svg
mimes/scalable/viewdvi.svg	L	application-x-bzdvi.svg
mimes/scalable/viewhtml.svg	L	text-html.svg
mimes/scalable/viewpdf.svg	L	application-pdf.svg
mimes/scalable/viewps.svg	L	application-postscript.svg
mimes/scalable/virtualbox-hdd.svg	F	parchaos-mime-disk.svg
mimes/scalable/virtualbox-ova.svg	F	parchaos-mime-disk.svg
mimes/scalable/virtualbox-ovf.svg	F	parchaos-mime-disk.svg
mimes/scalable/virtualbox-vbox-extpack.svg	F	parchaos-mime-disk.svg
mimes/scalable/virtualbox-vbox.svg	F	parchaos-mime-disk.svg
mimes/scalable/virtualbox-vdi.svg	F	parchaos-mime-disk.svg
mimes/scalable/virtualbox-vhd.svg	F	parchaos-mime-disk.svg
mimes/scalable/virtualbox-vmdk.svg	F	parchaos-mime-disk.svg
mimes/scalable/vnd.ms-publisher.svg	L	application-vnd.ms-publisher.svg
mimes/scalable/vnd.oasis.opendocument.drawing.svg	L	x-office-drawing.svg
mimes/scalable/wordprocessing-rtl.svg	L	x-office-document.svg
mimes/scalable/wordprocessing.svg	L	x-office-document.svg
mimes/scalable/wps-office-doc.svg	L	x-office-document.svg
mimes/scalable/wps-office-dot.svg	L	x-office-document.svg
mimes/scalable/wps-office-dps.svg	L	x-office-presentation.svg
mimes/scalable/wps-office-dpt.svg	L	x-office-presentation.svg
mimes/scalable/wps-office-et.svg	L	x-office-spreadsheet.svg
mimes/scalable/wps-office-ett.svg	L	x-office-spreadsheet.svg
mimes/scalable/wps-office-pot.svg	L	x-office-presentation.svg
mimes/scalable/wps-office-ppt.svg	L	x-office-presentation.svg
mimes/scalable/wps-office-wps.svg	L	x-office-document.svg
mimes/scalable/wps-office-wpt.svg	L	x-office-document.svg
mimes/scalable/wps-office-xls.svg	L	x-office-spreadsheet.svg
mimes/scalable/wps-office-xlt.svg	L	x-office-spreadsheet.svg
mimes/scalable/www.svg	L	text-html.svg
mimes/scalable/x-content-audio-cdda.svg	L	audio-x-generic.svg
mimes/scalable/x-content-audio-dvd.svg	L	audio-x-generic.svg
mimes/scalable/x-content-audio-player.svg	L	audio-x-generic.svg
mimes/scalable/x-content-blank-bd.svg	L	x-content-blank-cd.svg
mimes/scalable/x-content-blank-cd.svg	L	application-x-cd-image.svg
mimes/scalable/x-content-blank-dvd.svg	L	x-content-blank-cd.svg
mimes/scalable/x-content-blank-hddvd.svg	L	x-content-blank-cd.svg
mimes/scalable/x-content-image-dcf.svg	L	image-x-generic.svg
mimes/scalable/x-content-image-picturecd.svg	L	image-x-generic.svg
mimes/scalable/x-content-software.svg	F	parchaos-mime-package.svg
mimes/scalable/x-content-unix-software.svg	L	x-content-software.svg
mimes/scalable/x-content-video-bluray.svg	L	video-x-generic.svg
mimes/scalable/x-content-video-dvd.svg	L	video-x-generic.svg
mimes/scalable/x-content-video-hddvd.svg	L	video-x-generic.svg
mimes/scalable/x-content-video-svcd.svg	L	video-x-generic.svg
mimes/scalable/x-content-video-vcd.svg	L	video-x-generic.svg
mimes/scalable/x-content-win32-software.svg	L	application-x-ms-dos-executable.svg
mimes/scalable/x-gambasserverpage.svg	L	application-xml.svg
mimes/scalable/x-kde-nsplugin-generated.svg	F	parchaos-mime-generic.svg
mimes/scalable/x-mail-distribution-list.svg	L	x-office-address-book.svg
mimes/scalable/x-media-podcast.svg	F	parchaos-mime-audio.svg
mimes/scalable/x-office-address-book.svg	L	stock_addressbook.svg
mimes/scalable/x-office-address-book1.svg	L	x-office-address-book.svg
mimes/scalable/x-office-calendar.svg	F	parchaos-mime-calendar.svg
mimes/scalable/x-office-contact.svg	L	x-office-address-book.svg
mimes/scalable/x-office-document-rtl.svg	L	x-office-document.svg
mimes/scalable/x-office-document-template-rtl.svg	L	x-office-document-template.svg
mimes/scalable/x-office-document-template.svg	L	x-office-document.svg
mimes/scalable/x-office-document.svg	F	parchaos-mime-document.svg
mimes/scalable/x-office-drawing-template.svg	L	application-vector-template.svg
mimes/scalable/x-office-drawing.svg	L	image-svg+xml.svg
mimes/scalable/x-office-presentation-rtl.svg	L	x-office-presentation.svg
mimes/scalable/x-office-presentation-template-rtl.svg	L	x-office-presentation-template.svg
mimes/scalable/x-office-presentation-template.svg	L	x-office-presentation.svg
mimes/scalable/x-office-presentation.svg	F	parchaos-mime-presentation.svg
mimes/scalable/x-office-spreadsheet-template.svg	L	x-office-spreadsheet.svg
mimes/scalable/x-office-spreadsheet.svg	F	parchaos-mime-spreadsheet.svg
mimes/scalable/x-package-repository.svg	F	parchaos-mime-package.svg
mimes/scalable/x-world-x-3dmf.svg	L	model.svg
mimes/scalable/zip.svg	L	application-archive-zip.svg
places/16/edittrash.svg	L	user-trash-full.svg
places/16/emptytrash.svg	L	user-trash.svg
places/16/folder-documents-open.svg	L	folder-open.svg
places/16/folder-documents.svg	F	parchaos-folder-documents.svg
places/16/folder-download-open.svg	L	folder-open.svg
places/16/folder-download.svg	F	parchaos-folder-download.svg
places/16/folder-downloads.svg	L	folder-download.svg
places/16/folder-drag-accept.svg	L	folder-open.svg
places/16/folder-html.svg	F	parchaos-folder-remote.svg
places/16/folder-music-open.svg	L	folder-open.svg
places/16/folder-music.svg	F	parchaos-folder-music.svg
places/16/folder-network.svg	L	folder-html.svg
places/16/folder-open.svg	F	parchaos-folder-open.svg
places/16/folder-pictures-open.svg	L	folder-open.svg
places/16/folder-public.svg	F	parchaos-folder-public.svg
places/16/folder-publicshare-open.svg	L	folder-open.svg
places/16/folder-publicshare.svg	L	folder-public.svg
places/16/folder-remote-ftp.svg	L	network.svg
places/16/folder-remote-nfs.svg	L	network.svg
places/16/folder-remote-open.svg	L	folder-open.svg
places/16/folder-remote-smb.svg	L	network.svg
places/16/folder-remote-ssh.svg	L	network.svg
places/16/folder-sound.svg	L	folder-music.svg
places/16/folder-templates-open.svg	L	folder-open.svg
places/16/folder-templates.svg	F	parchaos-folder-templates.svg
places/16/folder-videos-open.svg	L	folder-open.svg
places/16/folder-visiting.svg	L	folder-open.svg
places/16/folder.svg	F	parchaos-folder.svg
places/16/folder_download.svg	L	folder-downloads.svg
places/16/folder_downloads.svg	L	folder-downloads.svg
places/16/folder_html.svg	L	folder-html.svg
places/16/folder_open.svg	L	folder-open.svg
places/16/folders-documents.svg	L	folder-documents.svg
places/16/folders-downloads.svg	L	folder-download.svg
places/16/folders-music.svg	L	folder-music.svg
places/16/folders-publicshare.svg	L	folder-publicshare.svg
places/16/gnome-dev-network.svg	L	network.svg
places/16/gnome-dev-trash-empty.svg	L	user-trash.svg
places/16/gnome-dev-trash-full.svg	L	user-trash-full.svg
places/16/gnome-folder.svg	L	folder.svg
places/16/gnome-fs-blockdev.svg	L	network.svg
places/16/gnome-fs-dav.svg	L	network.svg
places/16/gnome-fs-dev.svg	L	network.svg
places/16/gnome-fs-directory-accept.svg	L	folder-open.svg
places/16/gnome-fs-directory-visiting.svg	L	folder-visiting.svg
places/16/gnome-fs-directory.svg	L	stock_folder.svg
places/16/gnome-fs-ftp.svg	L	network.svg
places/16/gnome-fs-network.svg	L	network.svg
places/16/gnome-fs-nfs.svg	L	network.svg
places/16/gnome-fs-server.svg	L	network-server.svg
places/16/gnome-fs-share.svg	L	network.svg
places/16/gnome-fs-smb.svg	L	network.svg
places/16/gnome-fs-ssh.svg	L	network.svg
places/16/gnome-fs-trash-empty-accept.svg	L	user-trash-full.svg
places/16/gnome-fs-trash-empty.svg	L	user-trash.svg
places/16/gnome-fs-trash-full.svg	L	user-trash-full.svg
places/16/gnome-fs-web.svg	L	network.svg
places/16/gnome-mime-x-directory-nfs-server.svg	L	network-server.svg
places/16/gnome-mime-x-directory-smb-server.svg	L	network-server.svg
places/16/gnome-mime-x-directory-smb-share.svg	L	network.svg
places/16/gnome-mime-x-directory-smb-workgroup.svg	L	network.svg
places/16/gnome-stock-trash-empty.svg	L	user-trash.svg
places/16/gnome-stock-trash-full.svg	L	user-trash-full.svg
places/16/gnome-stock-trash.svg	L	user-trash.svg
places/16/gtk-directory.svg	L	stock_folder.svg
places/16/gtk-network.svg	L	network.svg
places/16/inode-directory.svg	L	stock_folder.svg
places/16/library-music.svg	L	folder-music.svg
places/16/neat.svg	L	network-workgroup.svg
places/16/network-server.svg	L	network-workgroup.svg
places/16/network-workgroup.svg	L	folder-html.svg
places/16/network.svg	L	folder-html.svg
places/16/network_fs.svg	L	network.svg
places/16/network_local.svg	L	network.svg
places/16/nfs.svg	L	network.svg
places/16/org.xfce.gigolo.svg	L	folder-network.svg
places/16/redhat-network-server.svg	L	network-server.svg
places/16/redhat-system-group.svg	L	network-workgroup.svg
places/16/repository.svg	L	folder-html.svg
places/16/samba.svg	L	network.svg
places/16/server.svg	L	network-server.svg
places/16/start-here-kde-plasma-symbolic.svg	L	start-here.svg
places/16/start-here-kde-plasma.svg	L	start-here.svg
places/16/start-here-kde-symbolic.svg	L	start-here.svg
places/16/start-here-kde.svg	L	start-here.svg
places/16/start-here-symbolic.svg	L	start-here.svg
places/16/start-here.svg	F	parchaos-logo.svg
places/16/stock_folder.svg	L	folder.svg
places/16/stock_music-library.svg	L	folder-music.svg
places/16/stock_open.svg	L	folder-open.svg
places/16/stock_trash_empty.svg	L	user-trash.svg
places/16/stock_trash_full.svg	L	user-trash-full.svg
places/16/trash-empty.svg	L	user-trash.svg
places/16/trash-full.svg	L	user-trash-full.svg
places/16/trashcan_empty.svg	L	user-trash.svg
places/16/trashcan_full.svg	L	user-trash-full.svg
places/16/user-home-open.svg	L	folder-open.svg
places/16/user-share.svg	L	network.svg
places/16/user-trash-full.svg	F	parchaos-trash-full.svg
places/16/user-trash.svg	F	parchaos-trash.svg
places/16/xfce-trash_empty.svg	L	user-trash.svg
places/16/xfce-trash_full.svg	L	user-trash-full.svg
places/22/edittrash.svg	L	user-trash-full.svg
places/22/emptytrash.svg	L	user-trash.svg
places/22/folder-documents-open.svg	L	folder-open.svg
places/22/folder-documents.svg	F	parchaos-folder-documents.svg
places/22/folder-download-open.svg	L	folder-open.svg
places/22/folder-download.svg	F	parchaos-folder-download.svg
places/22/folder-downloads.svg	L	folder-download.svg
places/22/folder-drag-accept.svg	L	folder-open.svg
places/22/folder-html.svg	F	parchaos-folder-remote.svg
places/22/folder-music-open.svg	L	folder-open.svg
places/22/folder-music.svg	F	parchaos-folder-music.svg
places/22/folder-network.svg	L	folder-html.svg
places/22/folder-open.svg	F	parchaos-folder-open.svg
places/22/folder-pictures-open.svg	L	folder-open.svg
places/22/folder-public.svg	F	parchaos-folder-public.svg
places/22/folder-publicshare-open.svg	L	folder-open.svg
places/22/folder-publicshare.svg	L	folder-public.svg
places/22/folder-remote-ftp.svg	L	network.svg
places/22/folder-remote-nfs.svg	L	network.svg
places/22/folder-remote-open.svg	L	folder-open.svg
places/22/folder-remote-smb.svg	L	network.svg
places/22/folder-remote-ssh.svg	L	network.svg
places/22/folder-sound.svg	L	folder-music.svg
places/22/folder-templates-open.svg	L	folder-open.svg
places/22/folder-templates.svg	F	parchaos-folder-templates.svg
places/22/folder-videos-open.svg	L	folder-open.svg
places/22/folder-visiting.svg	L	folder-open.svg
places/22/folder.svg	F	parchaos-folder.svg
places/22/folder_download.svg	L	folder-downloads.svg
places/22/folder_downloads.svg	L	folder-downloads.svg
places/22/folder_html.svg	L	folder-html.svg
places/22/folder_open.svg	L	folder-open.svg
places/22/folders-documents.svg	L	folder-documents.svg
places/22/folders-downloads.svg	L	folder-download.svg
places/22/folders-music.svg	L	folder-music.svg
places/22/folders-publicshare.svg	L	folder-publicshare.svg
places/22/gnome-dev-network.svg	L	network.svg
places/22/gnome-dev-trash-empty.svg	L	user-trash.svg
places/22/gnome-dev-trash-full.svg	L	user-trash-full.svg
places/22/gnome-folder.svg	L	folder.svg
places/22/gnome-fs-blockdev.svg	L	network.svg
places/22/gnome-fs-dav.svg	L	network.svg
places/22/gnome-fs-dev.svg	L	network.svg
places/22/gnome-fs-directory-accept.svg	L	folder-open.svg
places/22/gnome-fs-directory-visiting.svg	L	folder-visiting.svg
places/22/gnome-fs-directory.svg	L	stock_folder.svg
places/22/gnome-fs-ftp.svg	L	network.svg
places/22/gnome-fs-network.svg	L	network.svg
places/22/gnome-fs-nfs.svg	L	network.svg
places/22/gnome-fs-server.svg	L	network-server.svg
places/22/gnome-fs-share.svg	L	network.svg
places/22/gnome-fs-smb.svg	L	network.svg
places/22/gnome-fs-ssh.svg	L	network.svg
places/22/gnome-fs-trash-empty-accept.svg	L	user-trash-full.svg
places/22/gnome-fs-trash-empty.svg	L	user-trash.svg
places/22/gnome-fs-trash-full.svg	L	user-trash-full.svg
places/22/gnome-fs-web.svg	L	network.svg
places/22/gnome-mime-x-directory-nfs-server.svg	L	network-server.svg
places/22/gnome-mime-x-directory-smb-server.svg	L	network-server.svg
places/22/gnome-mime-x-directory-smb-share.svg	L	network.svg
places/22/gnome-mime-x-directory-smb-workgroup.svg	L	network.svg
places/22/gnome-stock-trash-empty.svg	L	user-trash.svg
places/22/gnome-stock-trash-full.svg	L	user-trash-full.svg
places/22/gnome-stock-trash.svg	L	user-trash.svg
places/22/gtk-directory.svg	L	stock_folder.svg
places/22/gtk-network.svg	L	network.svg
places/22/inode-directory.svg	L	stock_folder.svg
places/22/library-music.svg	L	folder-music.svg
places/22/neat.svg	L	network-workgroup.svg
places/22/network-server.svg	L	network-workgroup.svg
places/22/network-workgroup.svg	L	folder-html.svg
places/22/network.svg	L	folder-html.svg
places/22/network_fs.svg	L	network.svg
places/22/network_local.svg	L	network.svg
places/22/nfs.svg	L	network.svg
places/22/org.xfce.gigolo.svg	L	folder-network.svg
places/22/redhat-network-server.svg	L	network-server.svg
places/22/redhat-system-group.svg	L	network-workgroup.svg
places/22/repository.svg	L	folder-html.svg
places/22/samba.svg	L	network.svg
places/22/server.svg	L	network-server.svg
places/22/start-here-kde-plasma-symbolic.svg	L	start-here.svg
places/22/start-here-kde-plasma.svg	L	start-here.svg
places/22/start-here-kde-symbolic.svg	L	start-here.svg
places/22/start-here-kde.svg	L	start-here.svg
places/22/start-here-symbolic.svg	L	start-here.svg
places/22/start-here.svg	F	parchaos-logo.svg
places/22/stock_folder.svg	L	folder.svg
places/22/stock_music-library.svg	L	folder-music.svg
places/22/stock_open.svg	L	folder-open.svg
places/22/stock_trash_empty.svg	L	user-trash.svg
places/22/stock_trash_full.svg	L	user-trash-full.svg
places/22/trash-empty.svg	L	user-trash.svg
places/22/trash-full.svg	L	user-trash-full.svg
places/22/trashcan_empty.svg	L	user-trash.svg
places/22/trashcan_full.svg	L	user-trash-full.svg
places/22/user-home-open.svg	L	folder-open.svg
places/22/user-share.svg	L	network.svg
places/22/user-trash-full.svg	F	parchaos-trash-full.svg
places/22/user-trash.svg	F	parchaos-trash.svg
places/22/xfce-trash_empty.svg	L	user-trash.svg
places/22/xfce-trash_full.svg	L	user-trash-full.svg
places/24/edittrash.svg	L	user-trash-full.svg
places/24/emptytrash.svg	L	user-trash.svg
places/24/folder-documents-open.svg	L	folder-open.svg
places/24/folder-documents.svg	F	parchaos-folder-documents.svg
places/24/folder-download-open.svg	L	folder-open.svg
places/24/folder-download.svg	F	parchaos-folder-download.svg
places/24/folder-downloads.svg	L	folder-download.svg
places/24/folder-drag-accept.svg	L	folder-open.svg
places/24/folder-html.svg	F	parchaos-folder-remote.svg
places/24/folder-music-open.svg	L	folder-open.svg
places/24/folder-music.svg	F	parchaos-folder-music.svg
places/24/folder-network.svg	L	folder-html.svg
places/24/folder-open.svg	F	parchaos-folder-open.svg
places/24/folder-pictures-open.svg	L	folder-open.svg
places/24/folder-public.svg	F	parchaos-folder-public.svg
places/24/folder-publicshare-open.svg	L	folder-open.svg
places/24/folder-publicshare.svg	L	folder-public.svg
places/24/folder-remote-ftp.svg	L	network.svg
places/24/folder-remote-nfs.svg	L	network.svg
places/24/folder-remote-open.svg	L	folder-open.svg
places/24/folder-remote-smb.svg	L	network.svg
places/24/folder-remote-ssh.svg	L	network.svg
places/24/folder-sound.svg	L	folder-music.svg
places/24/folder-templates-open.svg	L	folder-open.svg
places/24/folder-templates.svg	F	parchaos-folder-templates.svg
places/24/folder-videos-open.svg	L	folder-open.svg
places/24/folder-visiting.svg	L	folder-open.svg
places/24/folder.svg	F	parchaos-folder.svg
places/24/folder_download.svg	L	folder-downloads.svg
places/24/folder_downloads.svg	L	folder-downloads.svg
places/24/folder_html.svg	L	folder-html.svg
places/24/folder_open.svg	L	folder-open.svg
places/24/folders-documents.svg	L	folder-documents.svg
places/24/folders-downloads.svg	L	folder-download.svg
places/24/folders-music.svg	L	folder-music.svg
places/24/folders-publicshare.svg	L	folder-publicshare.svg
places/24/gnome-dev-network.svg	L	network.svg
places/24/gnome-dev-trash-empty.svg	L	user-trash.svg
places/24/gnome-dev-trash-full.svg	L	user-trash-full.svg
places/24/gnome-folder.svg	L	folder.svg
places/24/gnome-fs-blockdev.svg	L	network.svg
places/24/gnome-fs-dav.svg	L	network.svg
places/24/gnome-fs-dev.svg	L	network.svg
places/24/gnome-fs-directory-accept.svg	L	folder-open.svg
places/24/gnome-fs-directory-visiting.svg	L	folder-visiting.svg
places/24/gnome-fs-directory.svg	L	stock_folder.svg
places/24/gnome-fs-ftp.svg	L	network.svg
places/24/gnome-fs-network.svg	L	network.svg
places/24/gnome-fs-nfs.svg	L	network.svg
places/24/gnome-fs-server.svg	L	network-server.svg
places/24/gnome-fs-share.svg	L	network.svg
places/24/gnome-fs-smb.svg	L	network.svg
places/24/gnome-fs-ssh.svg	L	network.svg
places/24/gnome-fs-trash-empty-accept.svg	L	user-trash-full.svg
places/24/gnome-fs-trash-empty.svg	L	user-trash.svg
places/24/gnome-fs-trash-full.svg	L	user-trash-full.svg
places/24/gnome-fs-web.svg	L	network.svg
places/24/gnome-mime-x-directory-nfs-server.svg	L	network-server.svg
places/24/gnome-mime-x-directory-smb-server.svg	L	network-server.svg
places/24/gnome-mime-x-directory-smb-share.svg	L	network.svg
places/24/gnome-mime-x-directory-smb-workgroup.svg	L	network.svg
places/24/gnome-stock-trash-empty.svg	L	user-trash.svg
places/24/gnome-stock-trash-full.svg	L	user-trash-full.svg
places/24/gnome-stock-trash.svg	L	user-trash.svg
places/24/gtk-directory.svg	L	stock_folder.svg
places/24/gtk-network.svg	L	network.svg
places/24/inode-directory.svg	L	stock_folder.svg
places/24/library-music.svg	L	folder-music.svg
places/24/neat.svg	L	network-workgroup.svg
places/24/network-server.svg	L	network-workgroup.svg
places/24/network-workgroup.svg	L	folder-html.svg
places/24/network.svg	L	folder-html.svg
places/24/network_fs.svg	L	network.svg
places/24/network_local.svg	L	network.svg
places/24/nfs.svg	L	network.svg
places/24/redhat-network-server.svg	L	network-server.svg
places/24/redhat-system-group.svg	L	network-workgroup.svg
places/24/repository.svg	L	folder-html.svg
places/24/samba.svg	L	network.svg
places/24/server.svg	L	network-server.svg
places/24/start-here-kde-plasma-symbolic.svg	L	start-here.svg
places/24/start-here-kde-plasma.svg	L	start-here.svg
places/24/start-here-kde-symbolic.svg	L	start-here.svg
places/24/start-here-kde.svg	L	start-here.svg
places/24/start-here-symbolic.svg	L	start-here.svg
places/24/start-here.svg	F	parchaos-logo.svg
places/24/stock_folder.svg	L	folder.svg
places/24/stock_music-library.svg	L	folder-music.svg
places/24/stock_open.svg	L	folder-open.svg
places/24/stock_trash_empty.svg	L	user-trash.svg
places/24/stock_trash_full.svg	L	user-trash-full.svg
places/24/trash-empty.svg	L	user-trash.svg
places/24/trash-full.svg	L	user-trash-full.svg
places/24/trashcan_empty.svg	L	user-trash.svg
places/24/trashcan_full.svg	L	user-trash-full.svg
places/24/user-home-open.svg	L	folder-open.svg
places/24/user-share.svg	L	network.svg
places/24/user-trash-full.svg	F	parchaos-trash-full.svg
places/24/user-trash.svg	F	parchaos-trash.svg
places/24/xfce-trash_empty.svg	L	user-trash.svg
places/24/xfce-trash_full.svg	L	user-trash-full.svg
places/scalable/akonadi-phone-home.svg	L	folder-home.svg
places/scalable/default-folder-documents.svg	L	folder-documents.svg
places/scalable/default-folder-download.svg	L	folder-download.svg
places/scalable/default-folder-music.svg	L	folder-music.svg
places/scalable/default-folder-open.svg	L	folder-open.svg
places/scalable/default-folder-pictures.svg	L	folder-pictures.svg
places/scalable/default-folder-publicshare.svg	L	folder-publicshare.svg
places/scalable/default-folder-templates.svg	L	folder-templates.svg
places/scalable/default-folder-video.svg	L	folder-video.svg
places/scalable/default-folder.svg	L	folder.svg
places/scalable/default-user-desktop.svg	L	user-desktop.svg
places/scalable/default-user-home.svg	L	user-home.svg
places/scalable/desktop.svg	L	user-desktop.svg
places/scalable/edittrash.svg	L	user-trash-full.svg
places/scalable/emptytrash.svg	L	user-trash.svg
places/scalable/folder-camera.svg	L	user-images.svg
places/scalable/folder-desktop.svg	L	desktop.svg
places/scalable/folder-documents-open.svg	L	folder-open.svg
places/scalable/folder-documents.svg	F	parchaos-folder-documents.svg
places/scalable/folder-download-open.svg	L	folder-open.svg
places/scalable/folder-download.svg	F	parchaos-folder-download.svg
places/scalable/folder-downloads.svg	L	folder-download.svg
places/scalable/folder-drag-accept.svg	L	folder-open.svg
places/scalable/folder-home.svg	L	user-home.svg
places/scalable/folder-html.svg	F	parchaos-folder-remote.svg
places/scalable/folder-image-people.svg	L	folder-publicshare.svg
places/scalable/folder-image.svg	L	folder-pictures.svg
places/scalable/folder-images.svg	F	parchaos-folder-images.svg
places/scalable/folder-music-open.svg	L	folder-open.svg
places/scalable/folder-music.svg	F	parchaos-folder-music.svg
places/scalable/folder-network.svg	L	folder-html.svg
places/scalable/folder-open.svg	F	parchaos-folder-open.svg
places/scalable/folder-photo.svg	L	folder-camera.svg
places/scalable/folder-photos.svg	L	folder-camera.svg
places/scalable/folder-picture.svg	L	folder-pictures.svg
places/scalable/folder-pictures-open.svg	L	folder-open.svg
places/scalable/folder-pictures.svg	L	folder-images.svg
places/scalable/folder-public.svg	F	parchaos-folder-public.svg
places/scalable/folder-publicshare-open.svg	L	folder-open.svg
places/scalable/folder-publicshare.svg	L	folder-public.svg
places/scalable/folder-remote-open.svg	L	folder-open.svg
places/scalable/folder-remote.svg	L	folder-html.svg
places/scalable/folder-sound.svg	L	folder-music.svg
places/scalable/folder-templates-open.svg	L	folder-open.svg
places/scalable/folder-templates.svg	F	parchaos-folder-templates.svg
places/scalable/folder-text.svg	L	folder-txt.svg
places/scalable/folder-txt.svg	L	folder-documents.svg
places/scalable/folder-video.svg	L	folder-videos.svg
places/scalable/folder-videocamera.svg	L	folder-video.svg
places/scalable/folder-videos-open.svg	L	folder-open.svg
places/scalable/folder-videos.svg	F	parchaos-folder-videos.svg
places/scalable/folder-visiting.svg	L	folder-open.svg
places/scalable/folder.svg	F	parchaos-folder.svg
places/scalable/folder_color_default.svg	L	default-folder.svg
places/scalable/folder_color_default_desktop.svg	L	default-user-desktop.svg
places/scalable/folder_color_default_documents.svg	L	default-folder-documents.svg
places/scalable/folder_color_default_downloads.svg	L	default-folder-download.svg
places/scalable/folder_color_default_music.svg	L	default-folder-music.svg
places/scalable/folder_color_default_pictures.svg	L	default-folder-pictures.svg
places/scalable/folder_color_default_public.svg	L	default-folder-publicshare.svg
places/scalable/folder_color_default_templates.svg	L	default-folder-templates.svg
places/scalable/folder_color_default_videos.svg	L	default-folder-video.svg
places/scalable/folder_download.svg	L	folder-downloads.svg
places/scalable/folder_downloads.svg	L	folder-downloads.svg
places/scalable/folder_home.svg	L	user-home.svg
places/scalable/folder_html.svg	L	folder-html.svg
places/scalable/folder_images.svg	L	user-images.svg
places/scalable/folder_open.svg	L	folder-visiting.svg
places/scalable/folder_pictures.svg	L	user-images.svg
places/scalable/folders-documents.svg	L	folder-documents.svg
places/scalable/folders-downloads.svg	L	folder-download.svg
places/scalable/folders-music.svg	L	folder-music.svg
places/scalable/folders-publicshare.svg	L	folder-publicshare.svg
places/scalable/folders-videos.svg	L	folder-video.svg
places/scalable/gnome-ccdesktop.svg	L	user-desktop.svg
places/scalable/gnome-desktop-config.svg	L	user-desktop.svg
places/scalable/gnome-dev-trash-empty.svg	L	user-trash.svg
places/scalable/gnome-dev-trash-full.svg	L	user-trash-full.svg
places/scalable/gnome-folder.svg	L	folder.svg
places/scalable/gnome-fs-desktop.svg	L	user-desktop.svg
places/scalable/gnome-fs-directory-accept.svg	L	folder-open.svg
places/scalable/gnome-fs-directory-visiting.svg	L	folder-visiting.svg
places/scalable/gnome-fs-directory.svg	L	folder.svg
places/scalable/gnome-fs-home.svg	L	user-home.svg
places/scalable/gnome-fs-trash-empty-accept.svg	L	user-trash-full.svg
places/scalable/gnome-fs-trash-empty.svg	L	user-trash.svg
places/scalable/gnome-fs-trash-full.svg	L	user-trash-full.svg
places/scalable/gnome-home.svg	L	user-home.svg
places/scalable/gnome-stock-trash-empty.svg	L	user-trash.svg
places/scalable/gnome-stock-trash-full.svg	L	user-trash-full.svg
places/scalable/gnome-stock-trash.svg	L	user-trash.svg
places/scalable/go-home-large.svg	L	go-home.svg
places/scalable/go-home.svg	L	folder-home.svg
places/scalable/gohome.svg	L	go-home.svg
places/scalable/gtg-home.svg	L	go-home.svg
places/scalable/gtk-directory.svg	L	folder.svg
places/scalable/gtk-home.svg	L	go-home.svg
places/scalable/inode-directory.svg	L	folder.svg
places/scalable/kfm_home.svg	L	go-home.svg
places/scalable/knetattach.svg	L	folder-remote.svg
places/scalable/library-music.svg	L	folder-music.svg
places/scalable/org.xfce.panel.directorymenu.svg	L	folder.svg
places/scalable/org.xfce.panel.showdesktop.svg	L	user-desktop.svg
places/scalable/other-desktop.svg	L	user-desktop.svg
places/scalable/redhat-home.svg	L	go-home.svg
places/scalable/repository.svg	L	folder-html.svg
places/scalable/start-here-kde-plasma-symbolic.svg	L	start-here-symbolic.svg
places/scalable/start-here-kde-plasma.svg	L	start-here.svg
places/scalable/start-here-kde-symbolic.svg	L	start-here-symbolic.svg
places/scalable/start-here-kde.svg	L	start-here.svg
places/scalable/start-here-symbolic.svg	F	parchaos-logo-symbolic.svg
places/scalable/start-here.svg	F	parchaos-logo.svg
places/scalable/stock_folder.svg	L	folder.svg
places/scalable/stock_home.svg	L	go-home.svg
places/scalable/stock_music-library.svg	L	folder-music.svg
places/scalable/stock_open.svg	L	folder-visiting.svg
places/scalable/stock_shared-by-me.svg	L	folder-remote.svg
places/scalable/stock_shared-to-me.svg	L	folder-remote.svg
places/scalable/stock_trash_empty.svg	L	user-trash.svg
places/scalable/stock_trash_full.svg	L	user-trash-full.svg
places/scalable/trash-empty.svg	L	user-trash.svg
places/scalable/trash-full.svg	L	user-trash-full.svg
places/scalable/trashcan_empty.svg	L	user-trash.svg
places/scalable/trashcan_full.svg	L	user-trash-full.svg
places/scalable/user-desktop.svg	F	parchaos-folder-desktop.svg
places/scalable/user-home-open.svg	L	folder-open.svg
places/scalable/user-home.svg	F	parchaos-folder-home.svg
places/scalable/user-images.svg	L	folder-images.svg
places/scalable/user-pictures.svg	L	user-images.svg
places/scalable/user-trash-full.svg	F	parchaos-trash-full.svg
places/scalable/user-trash.svg	F	parchaos-trash.svg
places/scalable/xfce-trash_empty.svg	L	user-trash.svg
places/scalable/xfce-trash_full.svg	L	user-trash-full.svg
status/16/start-here-symbolic.svg	F	parchaos-logo-symbolic.svg
status/16/xfce4-whiskermenu.svg	L	start-here-symbolic.svg
status/22/start-here-symbolic.svg	F	parchaos-logo-symbolic.svg
status/22/xfce4-whiskermenu.svg	L	start-here-symbolic.svg
status/24/start-here-symbolic.svg	F	parchaos-logo-symbolic.svg
status/24/xfce4-whiskermenu.svg	L	start-here-symbolic.svg
status/32/start-here-kde-plasma-symbolic.svg	L	start-here.svg
status/32/start-here-kde-plasma.svg	L	start-here.svg
status/32/start-here-kde-symbolic.svg	L	start-here.svg
status/32/start-here-kde.svg	L	start-here.svg
status/32/start-here-symbolic.svg	L	start-here.svg
status/32/start-here.svg	F	parchaos-logo.svg
status/symbolic/start-here-symbolic.svg	F	parchaos-logo-symbolic.svg
